date,pagepath,pagetitle,screenpageviews,bouncerate,engagementRate,userEngagementDuration,averageSessionDuration,userConversionRate:scroll
2023-03-05,/,체레미 마카 - 이브콘돔의 새로운 이름 | 이브젤·이브컵 증정이벤트 진행중,1063,0.25858951175406869,0.74141048824593125,5546,60.3714597830018,0.5859375
2023-03-05,/product/list_thumb.html,콘돔 - 체레미 마카,739,0.967741935483871,0.032258064516129031,8739,55.620107121863796,0.13636363636363635
2023-03-05,/member/login.html,로그인 - 체레미 마카,455,0.8318965517241379,0.16810344827586207,3813,56.085115107758625,0.93596059113300489
2023-03-05,/product/%EC%9D%B4%EB%B8%8C%EC%BD%98%EB%8F%94-%EB%A6%AC%EC%96%BC-0035/286/category/83/display/1/,이브콘돔 리얼 0.035(10p),301,0.93048128342246,0.069518716577540107,9502,119.23859237967916,0.29943502824858759
2023-03-05,/article/blog/8/15716/,"남성 자위 제대로 알아보자 (a.k.a ㅈㅇ, 자기위로)",262,0.0411522633744856,0.95884773662551437,15844,84.708791378600822,0.059829059829059832
2023-03-05,/product/list_thumb.html,젤 - 체레미 마카,254,0.94354838709677424,0.056451612903225805,2531,38.744474330645161,0.1391304347826087
2023-03-05,/article/blog/8/13117/,"물이 너무 많이 나와요 (a.k.a squirting, 시오후키, 여성사정에 관하여)",230,0.064220183486238536,0.93577981651376152,16890,123.15459879357797,0.038277511961722487
2023-03-05,/article/blog/8/12516/,여성으로서 섹스하며 궁금했던 것들을 풀어봅니다.,213,0.063725490196078427,0.93627450980392157,13927,115.18205033333335,0.025380710659898477
2023-03-05,/order/basket.html,장바구니 - 체레미 마카,207,0.9550561797752809,0.0449438202247191,1709,59.536128438202255,0.23076923076923078
2023-03-05,/article/blog/8/14576/,"첫 섹스를 앞둔 이들에게 (a.k.a 첫 경험, 현실주의)",203,0.043478260869565216,0.95652173913043481,8219,100.03186671014493,0.029411764705882353
2023-03-05,/article/blog/8/14208/,"사정하지 못하는 이유가 뭘까요? (a.k.a 지루, 사정지연)",199,0.044117647058823532,0.95588235294117652,12808,141.33388641176472,0.023809523809523808
2023-03-05,/article/blog/8/19839/,섹스 중 질에 출혈이 생기는 이유는 뭔가요?(출혈 없는 섹스를 위한 tip),197,0.057291666666666664,0.94270833333333337,14717,167.54247600520833,0.0847457627118644
2023-03-05,/order/orderform.html,체레미 마카 - 이브콘돔의 새로운 이름 | 이브젤·이브컵 증정이벤트 진행중,192,0.99193548387096775,0.0080645161290322578,8686,113.60163318548388,0.98319327731092432
2023-03-05,/article/blog/8/15165/,섹스를 많이 하면 질이 넓어지나요? (팩트주의),186,0.033333333333333333,0.96666666666666667,13394,101.23247500555556,0.0625
2023-03-05,/article/blog/8/13286/,쿠퍼액으로 임신이 되나요? (팩트주의 / 논란종결),183,0.053571428571428568,0.9464285714285714,11986,155.72595108333331,0.012422360248447204
2023-03-05,/article/blog/8/12833/,맨날 자위해도 괜찮나요? (a.k.a 중독의 기준),172,0.033557046979865772,0.96644295302013428,6825,73.6931353489933,0.040268456375838924
2023-03-05,/article/blog/8/12220/,술 먹고 섹스하면 생기는 일 (a.k.a 음쥬섹ㅅㅡ),151,0.063492063492063489,0.93650793650793651,2260,64.373433428571431,0.016666666666666666
2023-03-05,/article/blog/8/15871/,"전립선 마사지 – 기초편 (a.k.a 전립선 자극, 드라이 오르가즘)",149,0.10317460317460317,0.89682539682539686,13661,146.70994753174605,0.16129032258064516
2023-03-05,/article/blog/8/12066/,뒤로하는 섹스에 대하여 (Real 후방주의),140,0.053435114503816793,0.94656488549618323,7083,88.082350763358775,0.023622047244094488
2023-03-05,/myshop/index.html,체레미 마카 - 이브콘돔의 새로운 이름 | 이브젤·이브컵 증정이벤트 진행중,140,1,0,825,19.517769175,0.15277777777777779
2023-03-05,/order/order_result.html,체레미 마카 - 이브콘돔의 새로운 이름 | 이브젤·이브컵 증정이벤트 진행중,116,0.98,0.02,840,93.80162449,0.78125
2023-03-05,/article/blog/8/13012/,섹스 중 야한 말은 어떻게 하는 건가요? (a.k.a Dirty Talk),115,0.07476635514018691,0.92523364485981308,4739,135.96898615887849,0.047619047619047616
2023-03-05,/article/blog/8/9799/,G-스팟의 존재,113,0.054545454545454543,0.94545454545454544,5991,93.814182509090926,0.057142857142857141
2023-03-05,/intro/adult_im.html,체레미 마카 - 이브콘돔의 새로운 이름 | 이브젤·이브컵 증정이벤트 진행중,107,0.94230769230769229,0.057692307692307696,401,28.456199730769235,0.76470588235294112
2023-03-05,/myshop/order/list.html,주문내역 조회 - 체레미 마카,104,1,0,1068,68.233827019999993,0.23404255319148937
2023-03-05,/article/blog/8/13332/,정액 맛을 바꿀 수 있나요? (a.k.a 맛과 효능),103,0.035294117647058823,0.96470588235294119,7158,167.93232635294117,0
2023-03-05,/article/blog/8/15959/,"전립선 마사지 – 실전편 (a.k.a 전립선 자극, 드라이 오르가즘)",101,0.25,0.75,7873,157.47976210714285,0.1625
2023-03-05,/category/condom/83/,콘돔 - 체레미 마카,101,0.89473684210526316,0.10526315789473684,1249,64.65669157894736,0.052631578947368418
2023-03-05,/product/list_thumb.html,Play,95,1,0,358,19.421553533333331,0.067796610169491525
2023-03-05,/myshop/coupon/coupon.html,체레미 마카 - 이브콘돔의 새로운 이름 | 이브젤·이브컵 증정이벤트 진행중,91,1,0,753,46.348106666666666,0
2023-03-05,/article/blog/8/9719/,클리토리스: 우리가 알던 것은 빙산의 일각이었을 뿐.,89,0.058823529411764705,0.94117647058823528,6703,123.20033052941176,0.012195121951219513
2023-03-05,/blog/srhr.html,섹스터디 - 체레미마카,88,0.63636363636363635,0.36363636363636365,357,64.519501,0
2023-03-05,/article/blog/8/19423/categoryno/1/,클리토리스를 만져도 아무것도 안 느껴져요,85,0.081081081081081086,0.918918918918919,5770,122.69112541891893,0.027027027027027029
2023-03-05,/board/blog/srhr.html,섹스터디 - 체레미마카,82,0.61904761904761907,0.38095238095238093,904,156.69083804761905,0
2023-03-05,/article/blog/8/16688/,내 음경은 정상 크기인가요? (팩트주의/논란종결),79,0.040540540540540543,0.95945945945945943,5909,112.77872222972972,0.041666666666666664
2023-03-05,/product/%EC%9D%B4%EB%B8%8C%EC%BB%B5-mini-s-l/262/category/97/display/1/,"이브컵 mini, S, L",79,0.33333333333333331,0.66666666666666663,1328,91.817702583333329,0.44444444444444442
2023-03-05,/article/blog/8/16499/,"섹시한 키스, 지켜야 할 딱 세 가지 (a.k.a 입맞춤, kiss)",76,0.026666666666666668,0.97333333333333338,5891,106.68892088,0.14492753623188406
2023-03-05,/article/blog/8/19536/,"HPV는 대체 어떤 바이러스일까?(증상, 자연 소멸, 잠복기)",74,0.069444444444444448,0.93055555555555558,10411,361.72195445833336,0.29230769230769232
2023-03-05,/product/%EC%95%84%EA%B7%B8%EB%A1%9C%ED%8F%AC%EB%A0%88%EC%8A%A4%ED%8A%B8%EB%A6%AC%C2%AE-%EC%9D%B4%EB%B8%8C%EC%BD%98%EB%8F%94-%EC%9A%B8%ED%8A%B8%EB%9D%BC%EC%94%AC/278/category/83/display/1/,아그로포레스트리® 이브콘돔 울트라씬(10p),74,1,0,2246,103.23051447058823,0.33333333333333331
2023-03-05,/article/blog/8/15399/,"손가락만 활용해 오르가즘에 다다를 수 있다고? (a.k.a 핑거링, 핑거콘돔)",73,0.059701492537313432,0.94029850746268662,5037,158.57130473134328,0.044776119402985072
2023-03-05,/board/blog/all.html,블로그 - 체레미마카,72,0.7857142857142857,0.21428571428571427,781,77.049144071428586,0
2023-03-05,/article/blog/8/14862/,"섹스할 때 빨리 사정하는 이유가 뭘까요? (a.k.a 조루, 빠른 사정)",70,0.029411764705882353,0.97058823529411764,5688,155.12180210294119,0.030769230769230771
2023-03-05,/product/list_thumb.html,외음부 케어 - 체레미 마카,70,1,0,404,23.135924529411763,0.11764705882352941
2023-03-05,/product/%EB%9F%AC%EB%B2%84-%EC%84%B8%ED%8A%B8lover-set/243/category/83/display/1/,러버 세트(LOVER SET),69,0.90909090909090906,0.090909090909090912,3708,120.58130234090909,0.35714285714285715
2023-03-05,/article/blog/8/15165/page/7/,섹스를 많이 하면 질이 넓어지나요? (팩트주의),68,0.109375,0.890625,4914,140.52756325000001,0.047619047619047616
2023-03-05,/product/list_thumb.html,Food,67,0.98,0.02,394,11.4179648,0.061224489795918366
2023-03-05,/article/blog/8/15786/,오럴섹스 잘 하는 방법 알려주세요!! (펠라치오 편),66,0.19672131147540983,0.80327868852459017,4455,129.30090629508197,0.13114754098360656
2023-03-05,/article/blog/8/13333/,애액의 맛은 항상 같을까?,62,0.056603773584905662,0.94339622641509435,2721,104.62176373584906,0.0392156862745098
2023-03-05,/product/list_thumb.html,생리팬티 - 체레미 마카,59,0.97142857142857142,0.028571428571428571,719,28.047044114285711,0
2023-03-05,/board/faq/list.html,FAQ - 체레미 마카,58,1,0,280,148.407975,0
2023-03-05,/category/shop/24/,SHOP - 체레미 마카,55,0.59090909090909094,0.40909090909090912,539,149.52779209090909,0
2023-03-05,/product/%EC%9D%B8%ED%8B%B0%EB%B0%8B%EC%A0%A4-%EB%82%B4%EC%B6%94%EB%9F%B4130ml/281/category/85/display/1/,인티밋젤 내추럴(130ml),54,0.76744186046511631,0.23255813953488372,2194,88.472993627906973,0.40540540540540543
2023-03-05,/article/blog/8/13736/,포경수술과 섹스의 상관관계 (a.k.a 민감도 논란종결),52,0.038461538461538464,0.96153846153846156,3259,74.279083576923071,0.0196078431372549
2023-03-05,/index.html,체레미 마카 - 이브콘돔의 새로운 이름 | 이브젤·이브컵 증정이벤트 진행중,52,0.31578947368421051,0.68421052631578949,222,15.293690052631579,0.45945945945945948
2023-03-05,/product/search.html,체레미 마카 - 이브콘돔의 새로운 이름 | 이브젤·이브컵 증정이벤트 진행중,51,0.52173913043478259,0.47826086956521741,274,32.75687652173913,0
2023-03-05,/article/blog/8/15262/,오럴섹스 잘 하는 방법 알려주세요!! (커널링구스 편),50,0.14893617021276595,0.851063829787234,4051,154.75308525531915,0.086956521739130432
2023-03-05,/blog/srhr.html,섹스터디 - 체레미 마카,46,1,0,575,105.63918123076922,0
2023-03-05,/product/md%EB%A3%A8%EB%B8%8C-%EC%8B%A4%EB%A6%AC%EC%BD%98100ml/242/category/85/display/1/,MD루브 실리콘(100ml),46,0.97222222222222221,0.027777777777777776,1585,75.491145694444455,0
2023-03-05,/article/blog/8/14046/,왁싱하면 섹스할 때 더 좋나요? (a.k.a 무소유의 득과 실),45,0.043478260869565216,0.95652173913043481,3467,138.90326258695654,0.022222222222222223
2023-03-05,/article/blog/8/14133/,"오르가즘의 패권을 잡고 싶다면 위에 오르소서(a.k.a 여성상위, 기승위)",45,0,1,1902,61.68970697058824,0
2023-03-05,/article/blog/8/4642/,"[생리컵] 질 길이 재는 법, 사이즈 고르는 법 총정리",44,0.12820512820512819,0.87179487179487181,3708,162.56510853846152,0.052631578947368418
2023-03-05,/product/list_thumb.html,생리컵 - 체레미 마카,44,1,0,212,14.525399099999998,0
2023-03-05,/article/notice/1/27587/,NOTICE - 체레미 마카,43,0.14285714285714285,0.8571428571428571,11,14.652301452380952,0.125
2023-03-05,/product/%EC%95%84%EA%B7%B8%EB%A1%9C%ED%8F%AC%EB%A0%88%EC%8A%A4%ED%8A%B8%EB%A6%AC%C2%AE-%EC%9D%B4%EB%B8%8C-%ED%95%91%EA%B1%B0%EB%8F%94/264/category/83/display/1/,아그로포레스트리® 이브 핑거돔(18p),42,0.89743589743589747,0.10256410256410256,1356,46.368421230769222,0
2023-03-05,/article/blog/8/14766/,건강하고 안전한 레즈비언 섹스 팁,40,0.075,0.925,4430,183.21057274999998,0.025
2023-03-05,/article/blog/8/13863/,콘돔 업계 종사자에게 콘돔이 터지는 이유에 대해 꼬치꼬치 캐물었습니다. (#팩트주의 #논란종결),39,0.02564102564102564,0.97435897435897434,3148,161.85574371794874,0.052631578947368418
2023-03-05,/product/%EC%9D%B4%EB%B8%8C%EC%BD%98%EB%8F%94-%EC%8A%AC%EB%A6%BC/275/category/83/display/1/,이브콘돔 슬림(10p),39,1,0,751,48.725364964285724,0
2023-03-05,/product/list_thumb.html,생리대 - 체레미 마카,38,1,0,690,25.807163344827586,0
2023-03-05,/article/blog/8/19839/categoryno/1/,섹스 중 질에 출혈이 생기는 이유는 뭔가요?(출혈 없는 섹스를 위한 tip),35,0.085714285714285715,0.91428571428571426,1725,140.78327005714286,0
2023-03-05,/board/free/list.html,NOTICE - 체레미 마카,35,0.875,0.125,115,90.460106125,0
2023-03-05,/category/play/131,Food,35,0,1,7,85.563763727272729,0
2023-03-05,/product/%EB%9F%AC%EB%B2%84-%EC%84%B8%ED%8A%B8lover-set/243/category/85/display/1/,러버 세트(LOVER SET),35,0.83333333333333337,0.16666666666666666,1581,146.198508125,0
2023-03-05,/article/blog/8/13116/,여성의 몸에서 나오는 분비물은 다 같은 것일까?,34,0.10344827586206896,0.896551724137931,2286,114.5035399310345,0
2023-03-05,/article/blog/8/57/,[후기] 이브 직원의 실제 이브콘돔 사용 리뷰,34,0.066666666666666666,0.93333333333333335,1159,91.7977042,0
2023-03-05,/product/%EC%9D%B8%ED%8B%B0%EB%B0%8B%EC%A0%A4-%EB%B0%B1%EB%8F%84%EC%96%B4130ml/517/category/85/display/1/,인티밋젤 백도어(130ml) - 이브콘돔 공식몰,34,0.87096774193548387,0.12903225806451613,1014,99.5146648064516,0
2023-03-05,/member/id/find_id.html,체레미 마카 - 이브콘돔의 새로운 이름 | 이브젤·이브컵 증정이벤트 진행중,33,0.94117647058823528,0.058823529411764705,206,22.481644999999997,0
2023-03-05,/product/%EC%9D%B4%EB%B8%8C%EC%BD%98%EB%8F%94-%EB%9D%BC%EC%A7%80/270/category/83/display/1/,이브콘돔 라지(10p),33,0.92307692307692313,0.076923076923076927,940,66.900915807692314,0
2023-03-05,/article/blog/8/11097/,콘돔을 더 쉽게 착용하는 방법,32,0,1,1129,52.579891933333336,0
2023-03-05,/article/blog/8/14495/,"건강하고 안전한 여성 자위 첫걸음 (a.k.a 마스터베이션, 자기위로)",31,0.041666666666666664,0.95833333333333337,2603,134.49758616666668,0
2023-03-05,/article/blog/8/19592/,허벅지 굵기와 정력에 연관이 있을까?(feat. 식욕과 성욕의 관계),31,0,1,1495,125.97314736666667,0
2023-03-05,/member/join_result.html,체레미 마카 - 이브콘돔의 새로운 이름 | 이브젤·이브컵 증정이벤트 진행중,31,1,0,99,22.591990483870966,0
2023-03-05,/article/blog/8/9597/page/17/,돌기형 콘돔만 한 게 또 없지요.,30,0.13793103448275862,0.86206896551724133,962,117.36592041379311,0
2023-03-05,/blog/all.html,블로그 - 체레미 마카,30,1,0,252,89.277263200000007,0
2023-03-05,/product/%EB%A6%AC%EC%96%BC0035-2%ED%8C%A920p%EC%95%84%EA%B7%B8%EB%A1%9C%ED%8F%AC%EB%A0%88%EC%8A%A4%ED%8A%B8%EB%A6%AC-%ED%95%91%EA%B1%B0%EB%8F%9418p/314/category/83/display/1/,리얼0.035 3팩(30p)+아그로포레스트리 핑거돔(10p),30,0.95652173913043481,0.043478260869565216,378,91.631674739130432,0
2023-03-05,/member/modify.html,체레미 마카 - 이브콘돔의 새로운 이름 | 이브젤·이브컵 증정이벤트 진행중,29,1,0,723,52.558778944444441,0
2023-03-05,/article/blog/8/16211/,"이상한 섹스 판타지, 과연 나는 정상인가? (a.k.a 성애, 성적 취향)",28,0,1,1148,76.5568935,0
2023-03-05,/product/%EC%9D%B8%ED%8B%B0%EB%B0%8B%EC%A0%A4-%EB%B0%B1%EB%8F%84%EC%96%B4130ml/517/category/121/display/1/,인티밋젤 백도어(130ml) - 이브콘돔 공식몰,28,0.91666666666666663,0.083333333333333329,1361,72.47651775,0
2023-03-05,/article/blog/8/16865/,"간지러운 곳이 곧 성감대라고 하던데? (a.k.a 애무, 전희)",27,0.038461538461538464,0.96153846153846156,1333,67.453544769230774,0
2023-03-05,/product/%EC%9D%B8%ED%8B%B0%EB%B0%8B%EC%A0%A4-%EB%9D%BC%EB%B2%A4%EB%8D%94130ml/283/category/85/display/1/,인티밋젤 라벤더(130ml),27,0.91304347826086951,0.086956521739130432,1162,141.94069047826085,0
2023-03-05,/myshop/order/detail.html,체레미 마카 - 이브콘돔의 새로운 이름 | 이브젤·이브컵 증정이벤트 진행중,26,0.93333333333333335,0.066666666666666666,285,112.1475694,0
2023-03-05,/article/blog/8/25900/,실리콘 젤? 러브젤 종류별로 어떤 차이가 있을까 (나에게 맞는 러브젤 고르는 법),25,0.076923076923076927,0.92307692307692313,1293,82.9975465,0
2023-03-05,/article/blog/8/26682/,"손가락의 새로운 발견, 핑거링 시작하기(핑거돔 vs 라텍스 글러브 vs 콘돔)",25,0.16666666666666666,0.83333333333333337,899,1856.3408761666667,0
2023-03-05,/article/blog/8/163/,"[소개] 러브젤은 왜, 어떻게 쓰나요?",23,0.047619047619047616,0.95238095238095233,956,70.922817809523821,0
2023-03-05,/article/blog/8/26578/,"[섹슈얼 헬스케어 #1] 성기에서 입으로 옮는 성병? 안전하고 건강하게 오럴섹스 하는 법(HPV, 헤르페스 증상과 예방법)",23,0.2857142857142857,0.7142857142857143,1457,152.33931835714287,0
2023-03-05,/member/change_passwd.html,체레미 마카 - 이브콘돔의 새로운 이름 | 이브젤·이브컵 증정이벤트 진행중,23,1,0,475,66.751528272727271,0
2023-03-05,/member/agreement.html,이용약관 - 체레미 마카,22,1,0,95,8.3952777777777783,0
2023-03-05,/member/join.html,회원가입 - 체레미 마카,22,0.94736842105263153,0.052631578947368418,1136,127.99817984210526,0
2023-03-05,/article/blog/8/15871/categoryno/1/,"전립선 마사지 – 기초편 (a.k.a 전립선 자극, 드라이 오르가즘)",21,0,1,1631,194.52905647058822,0
2023-03-05,/article/blog/8/9598//,생리 중 섹스에 대한 진실 (증보),21,0,1,982,97.283224764705892,0
2023-03-05,/member/check_password.html,체레미 마카 - 이브콘돔의 새로운 이름 | 이브젤·이브컵 증정이벤트 진행중,21,1,0,177,21.909772833333335,0
2023-03-05,/product/%EB%A6%AC%EC%96%BC0035-3%ED%8C%A930p%EC%95%84%EA%B7%B8%EB%A1%9C%ED%8F%AC%EB%A0%88%EC%8A%A4%ED%8A%B8%EB%A6%AC-%EC%9A%B8%ED%8A%B8%EB%9D%BC%EC%94%AC10p/315/category/83/display/1/,리얼0.035 3팩(30p)+아그로포레스트리 울트라씬(10p),21,0.94117647058823528,0.058823529411764705,376,46.210637352941177,0
2023-03-05,/article/blog/8/11456/,섹스하는 꿈은 왜 꾸나요? (a.k.a Sex Dream),20,0.055555555555555552,0.94444444444444442,776,47.980102444444448,0
2023-03-05,/article/blog/8/59/,[이슈] 생리 직후 섹스의 안전성에 대한 현실적인 이야기,20,0,1,1071,140.39205145,0
2023-03-05,/member/passwd/find_passwd_info.html,체레미 마카 - 이브콘돔의 새로운 이름 | 이브젤·이브컵 증정이벤트 진행중,20,1,0,221,20.29666873333333,0
2023-03-05,/article/blog/8/15959/categoryno/1/,"전립선 마사지 – 실전편 (a.k.a 전립선 자극, 드라이 오르가즘)",19,0.42105263157894735,0.57894736842105265,1430,101.33075184210526,0
2023-03-05,/article/blog/8/25598/,"초심자를 위한 생리컵 실전사용기(사이즈 고르는 법, 넣고 빼는 법, 소독하는 법)",19,0.0625,0.9375,1848,278.1705119375,0
2023-03-05,/product/image_zoom.html,체레미 마카 - 이브콘돔의 새로운 이름 | 이브젤·이브컵 증정이벤트 진행중,19,1,0,21,8.28880147368421,0
2023-03-05,/article/blog/8/10059/,커피 한 잔과 발기의 상관관계,18,0,1,499,32.250904444444444,0
2023-03-05,/product/%EB%A7%88%EC%82%AC%EC%A7%80-%EC%BA%94%EB%93%A4-%ED%8F%AC%EB%A0%88%EC%8A%A4%ED%8A%B8-%EB%AC%B880g/516/category/121/display/1/,마사지 캔들 포레스트 문(80g) - 이브콘돔 공식몰,18,0.875,0.125,584,72.157104625,0
2023-03-05,/product/%ED%8E%A8%EB%A7%88%EC%B9%B4-%EA%B5%AC%EB%AF%B863g/519/category/131/display/1/,체레미 마카 펨마카 구미,17,0.9375,0.0625,1396,178.7193669375,0
2023-03-05,/category/evecup/97/,생리컵 - 체레미 마카,16,0.3,0.7,178,154.8229169,0
2023-03-05,/category/feminine-wash/89/,외음부 케어 - 체레미 마카,16,1,0,147,167.62385037500002,0
2023-03-05,/product/%EC%9D%B8%ED%8B%B0%EB%B0%8B%EC%A0%A4-%ED%9C%B4%EB%8C%80%EC%9A%A9-5ml/282/category/85/display/1/,인티밋젤 휴대용 5ml(30p),16,0.92307692307692313,0.076923076923076927,443,72.014331461538461,0
2023-03-05,/article/blog/8/10149/,부드럽게 자극을 도와줄 아이템을 소개해 드립니다.,15,0.8666666666666667,0.13333333333333333,334,39.949329933333338,0
2023-03-05,/article/blog/8/10313/,섹스하기 좋은 매트리스 고르는 방법,15,0,1,384,54.864905769230774,0
2023-03-05,/article/blog/8/11815/page/7/,똑똑한 사람이랑 섹스하고 싶어요 – (a.k.a 사피오섹슈얼),15,0.083333333333333329,0.91666666666666663,361,140.55854283333335,0
2023-03-05,/article/blog/8/13972/,텐트에서 섹스한 날,15,0,1,1059,75.640435133333327,0
2023-03-05,/blog/srhr.html,(not set),15,1,0,0,6.49143075,0
2023-03-05,/board/blog/8/,(not set),15,1,0,120,21.125852875,0
2023-03-05,/category/play/131/,Food,15,1,0,34,6.901431111111112,0
2023-03-05,/member/id/find_id_result.html,체레미 마카 - 이브콘돔의 새로운 이름 | 이브젤·이브컵 증정이벤트 진행중,15,1,0,107,14.580968153846154,0
2023-03-05,/article/blog/8/26521/,화한가요? 러브젤 사용 꿀팁(러브젤 어떻게 쓰나요?),14,0.071428571428571425,0.9285714285714286,735,125.81367321428571,0
2023-03-05,/product/%EC%95%84%EA%B7%B8%EB%A1%9C%ED%8F%AC%EB%A0%88%EC%8A%A4%ED%8A%B8%EB%A6%AC%C2%AE-%EC%9D%B4%EB%B8%8C%EC%BD%98%EB%8F%94-%EB%8F%84%ED%8B%B0%EB%93%9C/267/category/83/display/1/,아그로포레스트리® 이브콘돔 도티드(10p),14,1,0,287,48.262512599999994,0
2023-03-05,/product/%EC%9D%B4%EB%B8%8C%EC%BD%98%EB%8F%94-3%EC%A2%85-%EC%84%B8%ED%8A%B8/266/category/83/display/1/,이브콘돔 3종 세트,14,1,0,241,67.931417,0
2023-03-05,/article/blog/8/9598/,생리 중 섹스에 대한 진실 (증보),13,0,1,1174,93.753123769230768,0
2023-03-05,/brand.html,Naked with Nature - 체레미 마카,13,0.75,0.25,130,29.294414375,0
2023-03-05,/category/play/121/,Play,13,1,0,47,7.7329363749999995,0
2023-03-05,/product/%EC%9D%B4%EB%B8%8C%EC%BD%98%EB%8F%94-%EB%A6%AC%EC%96%BC-0035/286/category/24/display/1/,이브콘돔 리얼 0.035(10p),13,1,0,393,66.884577909090908,0
2023-03-05,/article/blog/8/19762/,"커플의 성욕 차이는 어떻게 좁혀야 할까요?(feat. 자위, 무성애자)",12,0.083333333333333329,0.91666666666666663,786,79.370422166666671,0
2023-03-05,/category/jel/85/,젤 - 체레미 마카,12,0.72727272727272729,0.27272727272727271,104,21.580646545454545,0
2023-03-05,/product/%EB%A6%AC%EC%96%BC0035-3%ED%8C%A930p%EC%95%84%EA%B7%B8%EB%A1%9C%ED%8F%AC%EB%A0%88%EC%8A%A4%ED%8A%B8%EB%A6%AC-%EB%8F%84%ED%8B%B0%EB%93%9C10p/316/category/83/display/1/,리얼0.035 3팩(30p)+아그로포레스트리 도티드(10p),12,1,0,172,55.436222799999996,0
2023-03-05,/article/blog/8/14939/,"마스터 클래스의 콘돔 사용법 (a.k.a 매직핸드, 센스쟁이)",11,0,1,932,130.61909350000002,0
2023-03-05,/article/blog/8/26143/categoryno/1/,"[나도 모르는 내 몸 이야기 #1] 여성의 몸 (g스팟 논란, 클리토리스 등)",11,1,0,952,111.195805,0
2023-03-05,/product/%EC%99%B8%EC%9D%8C%EB%B6%80%EC%84%B8%EC%A0%95%EC%A0%9C-11-%EC%84%B8%ED%8A%B8/258/category/89/display/1/,외음부세정제 1&1 세트,11,0.875,0.125,340,122.2922205,0
2023-03-05,/product/%EC%9D%B4%EB%B8%8C%EC%BB%B5-11-%EC%84%B8%ED%8A%B8/263/category/97/display/1/,이브컵 1&1 세트,11,1,0,556,87.894983714285715,0
2023-03-05,/product/%EC%9D%B8%ED%8B%B0%EB%B0%8B%EC%A0%A4md%EB%A3%A8%EB%B8%8C-114%EC%A2%85-%ED%83%9D2/261/category/85/display/1/,윤활제 1&1 세트(MD루브&인티밋젤),11,0.875,0.125,529,79.327663625,0
2023-03-05,/product/cheremimaka/243,러버 세트(LOVER SET),11,0.125,0.875,54,17.40482575,0
2023-03-05,/article/blog/8/15786/page/1/,오럴섹스 잘 하는 방법 알려주세요!! (펠라치오 편),10,0.6,0.4,621,295.4515801,0
2023-03-05,/article/blog/8/16053/,섹스 전후로 매끄럽게 피드백 주고받는 법,10,0.44444444444444442,0.55555555555555558,554,67.316108888888891,0
2023-03-05,/article/blog/8/19423/,클리토리스를 만져도 아무것도 안 느껴져요,10,0.1,0.9,679,77.9733749,0
2023-03-05,/article/blog/8/26236/categoryno/1/,"[나도 모르는 내 몸 이야기 #2] 남성의 몸 (모닝텐트, 반신욕과 정자 등)",10,0.8,0.2,429,102.45803240000001,0
2023-03-05,/member/mapping_join.html,체레미 마카 - 이브콘돔의 새로운 이름 | 이브젤·이브컵 증정이벤트 진행중,10,1,0,82,14.839494888888888,0
2023-03-05,/product/%EC%9D%B4%EB%B8%8C%EC%BD%98%EB%8F%94-%EB%A6%AC%EC%96%BC-003510p/286/category/83/display/1/,이브콘돔 리얼 0.035(10p),10,0.1111111111111111,0.88888888888888884,127,30.833359888888886,0
2023-03-05,/article/blog/8/13117/page/7/,"물이 너무 많이 나와요 (a.k.a squirting, 시오후키, 여성사정에 관하여)",9,0.22222222222222221,0.77777777777777779,448,122.50568855555555,0
2023-03-05,/article/blog/8/14652/,샤워하며 섹스해도 되나요? (파트너와 함께 목욕 즐기기),9,0,1,261,37.179416124999996,0
2023-03-05,/article/blog/8/15262/page/1/,오럴섹스 잘 하는 방법 알려주세요!! (커널링구스 편),9,0.625,0.375,1122,165.7440455,0
2023-03-05,/member/passwd/find_passwd_method.html,체레미 마카 - 이브콘돔의 새로운 이름 | 이브젤·이브컵 증정이벤트 진행중,9,1,0,22,6.5151861111111113,0
2023-03-05,/member/passwd/find_passwd_result.html,체레미 마카 - 이브콘돔의 새로운 이름 | 이브젤·이브컵 증정이벤트 진행중,9,1,0,28,9.8835919,0
2023-03-05,/product/%EB%A9%80%ED%8B%B0%EC%BC%80%EC%96%B4-%EC%84%B8%ED%8A%B8/523/category/131/display/1/,멀티케어 세트 - 이브콘돔 공식몰,9,1,0,351,63.238473857142864,0
2023-03-05,/product/%EC%83%9D%EB%A6%AC%ED%8C%AC%ED%8B%B0-%EB%9D%BC%EC%9D%B4%ED%8A%B8/247/category/98/display/1/,생리팬티 라이트,9,1,0,454,120.66137166666665,0
2023-03-05,/srhr/youth-condoms-support.html,청소년 콘돔 지원 - 체레미 마카,9,0.875,0.125,177,26.07353425,0
2023-03-05,/article/blog/8/15078/,"여자도 장어를 먹으면 정력이 좋아지나요? (a.k.a 옹녀, 변강쇠)",8,0,1,126,124.793171,0
2023-03-05,/article/blog/8/16329/categoryno/1/,임신 확률을 낮추는 믿음직한 콘돔 사용법,8,0,1,194,31.376880142857143,0
2023-03-05,/article/blog/8/26143/,"[나도 모르는 내 몸 이야기 #1] 여성의 몸 (g스팟 논란, 클리토리스 등)",8,0.125,0.875,307,55.3552265,0
2023-03-05,/board/recruit/all.html,체레미 마카 - 이브콘돔의 새로운 이름 | 이브젤·이브컵 증정이벤트 진행중,8,0.66666666666666663,0.33333333333333331,156,34.693610333333332,0
2023-03-05,/myshop/addr/list.html,체레미 마카 - 이브콘돔의 새로운 이름 | 이브젤·이브컵 증정이벤트 진행중,8,1,0,44,29.5972775,0
2023-03-05,/product/%EC%83%9D%EB%A6%AC%ED%8C%AC%ED%8B%B0-%EC%98%A4%EB%B2%84%EB%82%98%EC%9D%B4%ED%8A%B8/285/category/98/display/1/,생리팬티 오버나이트,8,1,0,1195,183.77352528571427,0
2023-03-05,/product/list_thumb.html,(not set),8,1,0,0,0.8558745,0
2023-03-05,/article/blog/8/14996/,"섹스 후 우울증(PCT)에 대해 아시나요? (현자타임 X, 슬픔)",7,0.14285714285714285,0.8571428571428571,345,211.79021314285714,0
2023-03-05,/article/blog/8/15716/categoryno/1/,"남성 자위 제대로 알아보자 (a.k.a ㅈㅇ, 자기위로)",7,0.14285714285714285,0.8571428571428571,342,117.31234828571428,0
2023-03-05,/article/blog/8/26521/categoryno/1/,화한가요? 러브젤 사용 꿀팁(러브젤 어떻게 쓰나요?),7,0.8571428571428571,0.14285714285714285,465,73.202881714285709,0
2023-03-05,/article/blog/8/26543/,"[나도 모르는 내 몸 이야기 #3] 인터섹스, 간성",7,0.66666666666666663,0.33333333333333331,319,120.09083600000001,0
2023-03-05,/article/notice/1/25878/,NOTICE - 체레미 마카,7,1,0,164,27.889102428571427,0
2023-03-05,/coupon/coupon_select.html,체레미 마카 - 이브콘돔의 새로운 이름 | 이브젤·이브컵 증정이벤트 진행중,7,1,0,587,28.975362657142856,0.43478260869565216
2023-03-05,/myshop/mileage/mileageList.html,체레미 마카 - 이브콘돔의 새로운 이름 | 이브젤·이브컵 증정이벤트 진행중,7,1,0,10,13.150492,0
2023-03-05,/myshop/order/cancel.html,체레미 마카 - 이브콘돔의 새로운 이름 | 이브젤·이브컵 증정이벤트 진행중,7,1,0,144,30.023300833333334,0
2023-03-05,/order/ec_orderform/popup/safePhone.html,체레미 마카 - 이브콘돔의 새로운 이름 | 이브젤·이브컵 증정이벤트 진행중,7,1,0,0,26.044814428571431,0
2023-03-05,/srhr/my_abortion.html,청소년 임신중지 지원사업 - 체레미 마카,7,0.8571428571428571,0.14285714285714285,161,43.060357428571429,0
2023-03-05,/srhr/one-percent-for-srhr.html,1% for SRHR - 체레미 마카,7,1,0,60,17.2344494,0
2023-03-05,/article/blog/8/12566/,건강과 안전을 기준으로 섹스토이 고르는 법 (a.k.a 자위기구),6,0.6,0.4,250,55.57917,0
2023-03-05,/article/blog/8/14376/categoryno/3/,EVE의 청소년‘만’을 위한 콘돔자판기,6,0,1,143,35.0519856,0
2023-03-05,/article/blog/8/19423/page/1/,클리토리스를 만져도 아무것도 안 느껴져요,6,0.5,0.5,221,67.14005175,0
2023-03-05,/article/notice/1/27462/,NOTICE - 체레미 마카,6,1,0,11,6.5555835,0
2023-03-05,/article/review/4/19042/,결국 이브리얼003,6,0.8,0.2,43,127.0150942,0
2023-03-05,/blog/aboutcheremi.html,체레미다움 - 체레미마카,6,1,0,5,10.787199,0
2023-03-05,/blog/srhr.html,체레미 마카 - 이브콘돔의 새로운 이름 | 이브젤·이브컵 증정이벤트 진행중,6,1,0,0,10.103208666666665,0
2023-03-05,/board/blog/srhr.html,(not set),6,1,0,0,46.237458000000004,0
2023-03-05,/category/pad/96/,생리대 - 체레미 마카,6,1,0,30,8.8545128333333327,0
2023-03-05,/category/panty/98/,생리팬티 - 체레미 마카,6,0.75,0.25,24,10.8167885,0
2023-03-05,/myshop/mileage/historyList.html,체레미 마카 - 이브콘돔의 새로운 이름 | 이브젤·이브컵 증정이벤트 진행중,6,1,0,18,6.54818075,0
2023-03-05,/product/%ED%8E%A8%EA%B0%90%EB%A7%88%EB%A6%AC%EB%86%80%EB%A0%8C%EC%82%B0-%EB%A6%AC%ED%80%B4%EB%93%9C14%ED%8F%AC/520/category/131/display/1/,펨감마리놀렌산 리퀴드(14포) - 이브콘돔 공식몰,6,1,0,221,45.326380833333332,0
2023-03-05,/product/valentine/286,이브콘돔 리얼 0.035(10p),6,0,1,1,6.1450363333333335,0
2023-03-05,/srhr/srhrcampaign.html,SRHR (성과 재생산 건강과 권리) - 체레미 마카,6,1,0,92,22.625994600000002,0
2023-03-05,/article/blog/8/11264/,가끔 부륵-하는 질방귀소리에 분위기가 아쉬워졌다면,5,0.2,0.8,100,25.003776600000002,0
2023-03-05,/article/blog/8/12066/page/2/,뒤로하는 섹스에 대하여 (Real 후방주의),5,0.8,0.2,95,93.025374000000014,0
2023-03-05,/article/blog/8/14133/page/1/,"오르가즘의 패권을 잡고 싶다면 위에 오르소서(a.k.a 여성상위, 기승위)",5,0.25,0.75,199,74.240642250000008,0
2023-03-05,/article/blog/8/15165/page/1/,섹스를 많이 하면 질이 넓어지나요? (팩트주의),5,0.2,0.8,565,123.44935360000002,0
2023-03-05,/article/blog/8/166/,[생리컵] 성경험? 처녀막 파열? 생리컵 써도 괜찮을까?,5,0,1,234,52.9830368,0
2023-03-05,/article/blog/8/26730/,[섹슈얼 헬스케어 #2] 여성의 성욕(여자는 언제하고 싶나요?),5,0.75,0.25,74,34.11957025,0
2023-03-05,/article/blog/8/9597/,돌기형 콘돔만 한 게 또 없지요.,5,0,1,260,62.223357799999995,0
2023-03-05,/article/review/4/26768/,벌써 몇 번째 재구맨지 세다...,5,0,1,38,23.4991365,0
2023-03-05,/board/index.html,체레미 마카 - 이브콘돔의 새로운 이름 | 이브젤·이브컵 증정이벤트 진행중,5,0.2,0.8,4,38.936757799999995,0
2023-03-05,/product/%EC%83%9D%EB%A6%AC%ED%8C%AC%ED%8B%B0%EC%83%9D%EB%A6%AC%EC%BB%B5-%EC%84%B8%ED%8A%B8/246/category/97/display/1/,생리팬티&생리컵 세트,5,1,0,131,40.8139915,0
2023-03-05,/product/%EC%95%84%EA%B7%B8%EB%A1%9C%ED%8F%AC%EB%A0%88%EC%8A%A4%ED%8A%B8%EB%A6%AC%C2%AE-%EC%9D%B4%EB%B8%8C-%ED%95%91%EA%B1%B0%EB%8F%94/264/category/24/display/1/,아그로포레스트리® 이브 핑거돔(18p),5,1,0,174,50.1711256,0
2023-03-05,/product/%EC%99%B8%EC%9D%8C%EB%B6%80%EC%84%B8%EC%A0%95%EC%A0%9C-%EA%B1%B0%ED%92%88%ED%98%95150ml/259/category/89/display/1/,외음부세정제 거품형(150ml),5,1,0,210,89.9583872,0
2023-03-05,/product/%EC%9D%B4%EB%B8%8C%EC%BD%98%EB%8F%94-%EB%A6%AC%EC%96%BC-0035/286/category/1/display/9/,이브콘돔 리얼 0.035(10p),5,0,1,4,17.49618625,0
2023-03-05,/product/cheremimaka/245,생리팬티 3&2 세트,5,0,1,0,50.55274625,0
2023-03-05,/product/list.html,SHOP - 체레미 마카,5,0,1,28,13.34750475,0
2023-03-05,/sustainability/long-term-goal.html,중장기 목표 - 체레미 마카,5,1,0,18,9.2138970000000011,0
2023-03-05,/article/blog/8/12066/page/3/categoryno/1/,뒤로하는 섹스에 대하여 (Real 후방주의),4,0.5,0.5,105,32.13628175,0
2023-03-05,/article/blog/8/13333/page/7/,애액의 맛은 항상 같을까?,4,1,0,6,89.171955666666676,0
2023-03-05,/article/blog/8/14376/,EVE의 청소년‘만’을 위한 콘돔자판기,4,0.25,0.75,91,25.18525025,0
2023-03-05,/article/blog/8/19762/categoryno/1/,"커플의 성욕 차이는 어떻게 좁혀야 할까요?(feat. 자위, 무성애자)",4,0.25,0.75,294,81.34735675,0
2023-03-05,/article/blog/8/26143/page/2/,"[나도 모르는 내 몸 이야기 #1] 여성의 몸 (g스팟 논란, 클리토리스 등)",4,1,0,633,347.0751435,0
2023-03-05,/article/blog/8/26682/page/1/,"손가락의 새로운 발견, 핑거링 시작하기(핑거돔 vs 라텍스 글러브 vs 콘돔)",4,0.75,0.25,20,165.0368105,0
2023-03-05,/article/blog/8/26730/categoryno/1/,[섹슈얼 헬스케어 #2] 여성의 성욕(여자는 언제하고 싶나요?),4,1,0,376,125.17791375,0
2023-03-05,/article/blog/8/7236/,[섹스는 글로 배워야한다] ep.02 오랄섹스의 역사와 의미,4,0,1,47,27.2989905,0
2023-03-05,/board/recruit/all.html,RECRUIT (채용공고) - 체레미 마카,4,0.5,0.5,24,361.4675155,0
2023-03-05,/myshop/order/list_past.html,체레미 마카 - 이브콘돔의 새로운 이름 | 이브젤·이브컵 증정이벤트 진행중,4,1,0,4,7.937509,0
2023-03-05,/product/%EC%83%9D%EB%A6%AC%ED%8C%AC%ED%8B%B0-11-%EC%84%B8%ED%8A%B8/250/category/98/display/1/,생리팬티 1&1 세트,4,1,0,192,54.612316,0
2023-03-05,/product/%EC%95%84%EA%B7%B8%EB%A1%9C%ED%8F%AC%EB%A0%88%EC%8A%A4%ED%8A%B8%EB%A6%AC%C2%AE-%EC%9D%B4%EB%B8%8C%EC%BD%98%EB%8F%94-%EC%9A%B8%ED%8A%B8%EB%9D%BC%EC%94%AC/278/category/24/display/1/,아그로포레스트리® 이브콘돔 울트라씬(10p),4,1,0,53,128.21430275,0
2023-03-05,/product/%EC%9C%A0%EA%B8%B0%EB%86%8D-%EC%88%9C%EB%A9%B4%EC%BB%A4%EB%B2%84-%EC%83%9D%EB%A6%AC%EB%8C%80-%EC%8A%88%ED%8D%BC%EB%A1%B1-%EC%98%A4%EB%B2%84%EB%82%98%EC%9D%B4%ED%8A%B810%EA%B0%9C%EC%9E%85/254/category/96/display/1/,순면커버 생리대 슈퍼롱 오버나이트(10개입),4,0.66666666666666663,0.33333333333333331,6,92.065964333333341,0
2023-03-05,/product/%EC%9D%B4%EB%B8%8C%EC%BD%98%EB%8F%94-%EB%9D%BC%EC%A7%8010p/270/,이브콘돔 라지(10p),4,0.25,0.75,240,176.88970675,0
2023-03-05,/product/%EC%9D%B4%EB%B8%8C%EC%BD%98%EB%8F%94-%EB%A6%AC%EC%96%BC-0035/286/category/83/,이브콘돔 리얼 0.035(10p),4,1,0,8,5.202446,0
2023-03-05,/product/cheremimaka/286,이브콘돔 리얼 0.035(10p),4,0,1,83,23.103021000000002,0
2023-03-05,/product/detail.html,러버 세트(LOVER SET),4,1,0,68,34.70033075,0
2023-03-05,/product/detail.html,이브콘돔 리얼 0.035(10p),4,1,0,131,48.393847333333333,0
2023-03-05,/product/detail.html,인티밋젤 내추럴(130ml),4,0.75,0.25,38,14.754771,0
2023-03-05,/promotion/wintersale.html,윈터세일 - 체레미 마카,4,0.33333333333333331,0.66666666666666663,0,32.114914666666671,0
2023-03-05,/,(not set),3,0.66666666666666663,0.33333333333333331,0,0.61286066666666672,0
2023-03-05,/article/blog/8/10756/,날씨와 계절이 섹스에 미치는 영향,3,0,1,109,41.032100333333332,0
2023-03-05,/article/blog/8/11815/,똑똑한 사람이랑 섹스하고 싶어요 – (a.k.a 사피오섹슈얼),3,0.33333333333333331,0.66666666666666663,20,132.79944066666667,0
2023-03-05,/article/blog/8/12833/page/2/,맨날 자위해도 괜찮나요? (a.k.a 중독의 기준),3,0,1,150,51.86669,0
2023-03-05,/article/blog/8/13012/page/7/%E2%80%8B,섹스 중 야한 말은 어떻게 하는 건가요? (a.k.a Dirty Talk),3,0.33333333333333331,0.66666666666666663,104,437.17868566666669,0
2023-03-05,/article/blog/8/13117/page/7/%E2%80%8B,"물이 너무 많이 나와요 (a.k.a squirting, 시오후키, 여성사정에 관하여)",3,0,1,77,44.959017,0
2023-03-05,/article/blog/8/13332/page/7/,정액 맛을 바꿀 수 있나요? (a.k.a 맛과 효능),3,0.66666666666666663,0.33333333333333331,0,127.66744766666666,0
2023-03-05,/article/blog/8/13333/page/4/,애액의 맛은 항상 같을까?,3,1,0,181,101.2516215,0
2023-03-05,/article/blog/8/13545/page/4/,질염으로 하이패스 (a.k.a 카섹스의 위험성),3,0,1,144,79.804398,0
2023-03-05,/article/blog/8/13972/page/1/%E2%80%8B,텐트에서 섹스한 날,3,0,1,25,9.4733913333333337,0
2023-03-05,/article/blog/8/14495/page/1/,"건강하고 안전한 여성 자위 첫걸음 (a.k.a 마스터베이션, 자기위로)",3,0.5,0.5,1111,582.6835135,0
2023-03-05,/article/blog/8/14576/page/5/,"첫 섹스를 앞둔 이들에게 (a.k.a 첫 경험, 현실주의)",3,0.5,0.5,243,126.6327075,0
2023-03-05,/article/blog/8/14652/page/1/,샤워하며 섹스해도 되나요? (파트너와 함께 목욕 즐기기),3,1,0,440,365.8324055,0
2023-03-05,/article/blog/8/15349/,"거리두기 시대의 섹스에 관하여 (a.k.a 이시국, 코로나)",3,1,0,43,36.766994,0
2023-03-05,/article/blog/8/15786/page/2/categoryno/1/,오럴섹스 잘 하는 방법 알려주세요!! (펠라치오 편),3,1,0,364,129.38764533333332,0
2023-03-05,/article/blog/8/16211/page/2/categoryno/1/,"이상한 섹스 판타지, 과연 나는 정상인가? (a.k.a 성애, 성적 취향)",3,1,0,443,296.732967,0
2023-03-05,/article/blog/8/16499/categoryno/1/,"섹시한 키스, 지켜야 할 딱 세 가지 (a.k.a 입맞춤, kiss)",3,0,1,196,105.808426,0
2023-03-05,/article/blog/8/19536/page/1/,"HPV는 대체 어떤 바이러스일까?(증상, 자연 소멸, 잠복기)",3,0.66666666666666663,0.33333333333333331,223,177.75784066666665,0
2023-03-05,/article/blog/8/19592/page/4/categoryno/1/,허벅지 굵기와 정력에 연관이 있을까?(feat. 식욕과 성욕의 관계),3,1,0,57,24.282936666666668,0
2023-03-05,/article/blog/8/26143/page/3/categoryno/1/,"[나도 모르는 내 몸 이야기 #1] 여성의 몸 (g스팟 논란, 클리토리스 등)",3,1,0,7,11.094144,0
2023-03-05,/article/blog/8/26180/page/2/,[체레미 마카에 다니는 사람들 #1] 콘돔회사에 다니는 성교육 강사,3,1,0,16,22.807306,0
2023-03-05,/article/blog/8/26578/categoryno/1/,"[섹슈얼 헬스케어 #1] 성기에서 입으로 옮는 성병? 안전하고 건강하게 오럴섹스 하는 법(HPV, 헤르페스 증상과 예방법)",3,0.66666666666666663,0.33333333333333331,381,138.10805566666667,0
2023-03-05,/article/blog/8/26682/categoryno/1/,"손가락의 새로운 발견, 핑거링 시작하기(핑거돔 vs 라텍스 글러브 vs 콘돔)",3,1,0,189,71.76693,0
2023-03-05,/article/blog/8/26869/,"[섹슈얼 헬스케어 #3] 월경통 완화(생리통 약 복용, 감마리놀렌산, 생활습관 등)",3,1,0,13,11.752934000000002,0
2023-03-05,/article/blog/8/26940/categoryno/1/,"나의 섹스 판타지는 OO한 분위기(Melting Christmas, Melting My Lover)",3,1,0,181,66.21907233333333,0
2023-03-05,/article/blog/8/7062/,[섹스는 글로 배워야한다] ep.01 섹스칼럼은 정말 어려워,3,0,1,72,30.195960666666668,0
2023-03-05,/article/notice/1/27657/,NOTICE - 체레미 마카,3,1,0,9,7.7584755,0
2023-03-05,/article/review/4/18825/,이브 울트라씬,3,0,1,6,8.553337,0
2023-03-05,/blog/all.html,(not set),3,1,0,0,10.502939,0
2023-03-05,/board/blog/aboutcheremi.html,체레미다움 - 체레미마카,3,1,0,8,7.3900795,0
2023-03-05,/intro/adult_im.html,(not set),3,1,0,0,5.604898,0
2023-03-05,/member/login.html,(not set),3,1,0,0,0.33901466666666669,0
2023-03-05,/order/basket.html,(not set),3,1,0,0,0.8693675,0
2023-03-05,/product/%EC%86%8C%EB%8F%85%EC%BB%B5/249/category/97/display/1/,소독컵,3,1,0,150,85.683671,0
2023-03-05,/product/%EC%99%B8%EC%9D%8C%EB%B6%80%EC%84%B8%EC%A0%95%EC%A0%9C-%EC%95%A1%EC%83%81%ED%98%95200ml/260/category/89/display/1/,외음부세정제 액상형(200ml),3,1,0,17,40.342611,0
2023-03-05,/product/%EC%9D%B4%EB%B8%8C%EC%BD%98%EB%8F%94-%EB%A6%AC%EC%96%BC-003510p/286/,이브콘돔 리얼 0.035(10p),3,0.33333333333333331,0.66666666666666663,133,65.698109333333335,0
2023-03-05,/product/%EC%9D%B8%ED%8B%B0%EB%B0%8B%EC%A0%A4-%EB%B0%B1%EB%8F%84%EC%96%B4130ml/517/category/85/,인티밋젤 백도어(130ml) - 이브콘돔 공식몰,3,1,0,408,237.51327,0
2023-03-05,/product/%EC%9D%B8%ED%8B%B0%EB%B0%8B-%ED%8B%B0%EC%8A%8810%EA%B0%9C%EC%9E%85/514/category/89/display/1/,인티밋 티슈(10개입) - 이브콘돔 공식몰,3,1,0,113,31.67153425,0
2023-03-05,/article/blog/8/11264/page/7/,가끔 부륵-하는 질방귀소리에 분위기가 아쉬워졌다면,2,1,0,134,77.5331275,0
2023-03-05,/article/blog/8/12066/page/5/,뒤로하는 섹스에 대하여 (Real 후방주의),2,1,0,32,22.0017985,0
2023-03-05,/article/blog/8/12066/page/5/categoryno/1/,뒤로하는 섹스에 대하여 (Real 후방주의),2,1,0,55,34.2303675,0
2023-03-05,/article/blog/8/12220/page/3/categoryno/1/,술 먹고 섹스하면 생기는 일 (a.k.a 음쥬섹ㅅㅡ),2,1,0,121,68.6038875,0
2023-03-05,/article/blog/8/13117/page/5/,"물이 너무 많이 나와요 (a.k.a squirting, 시오후키, 여성사정에 관하여)",2,1,0,189,101.93266,0
2023-03-05,/article/blog/8/13286/page/1/,쿠퍼액으로 임신이 되나요? (팩트주의 / 논란종결),2,0.5,0.5,352,240.505102,0
2023-03-05,/article/blog/8/13332/page/4/,정액 맛을 바꿀 수 있나요? (a.k.a 맛과 효능),2,1,0,204,214.690889,0
2023-03-05,/article/blog/8/14046/page/3/categoryno/1/,왁싱하면 섹스할 때 더 좋나요? (a.k.a 무소유의 득과 실),2,1,0,51,31.438333,0
2023-03-05,/article/blog/8/14133/page/3/categoryno/1/,"오르가즘의 패권을 잡고 싶다면 위에 오르소서(a.k.a 여성상위, 기승위)",2,1,0,311,164.7965395,0
2023-03-05,/article/blog/8/14389/page/3/categoryno/1/,EVE 섹스 성향테스트 결과를 알아보자! 😉,2,1,0,21,234.3466985,0
2023-03-05,/article/blog/8/14495/page/2/categoryno/1/,"건강하고 안전한 여성 자위 첫걸음 (a.k.a 마스터베이션, 자기위로)",2,0.5,0.5,295,156.9673215,0
2023-03-05,/article/blog/8/15262/page/2/categoryno/1/,오럴섹스 잘 하는 방법 알려주세요!! (커널링구스 편),2,1,0,171,94.4766005,0
2023-03-05,/article/blog/8/15262/page/4/%E2%80%8B,오럴섹스 잘 하는 방법 알려주세요!! (커널링구스 편),2,0,1,26,16.011599,0
2023-03-05,/article/blog/8/15716/page/2/categoryno/1/,"남성 자위 제대로 알아보자 (a.k.a ㅈㅇ, 자기위로)",2,1,0,47,27.519249000000002,0
2023-03-05,/article/blog/8/15786/,(not set),2,1,0,0,1.182003,0
2023-03-05,/article/blog/8/15786/page/3/categoryno/1/,오럴섹스 잘 하는 방법 알려주세요!! (펠라치오 편),2,1,0,179,95.883205,0
2023-03-05,/article/blog/8/15871/page/1/,"전립선 마사지 – 기초편 (a.k.a 전립선 자극, 드라이 오르가즘)",2,0.5,0.5,37,31.696618,0
2023-03-05,/article/blog/8/15871/page/1/categoryno/1/,"전립선 마사지 – 기초편 (a.k.a 전립선 자극, 드라이 오르가즘)",2,0,1,3,1.984037,0
2023-03-05,/article/blog/8/15871/page/2/categoryno/1/,"전립선 마사지 – 기초편 (a.k.a 전립선 자극, 드라이 오르가즘)",2,1,0,114,64.112604,0
2023-03-05,/article/blog/8/16053/page/2/categoryno/1/,섹스 전후로 매끄럽게 피드백 주고받는 법,2,1,0,249,1052.875193,0
2023-03-05,/article/blog/8/16188/,"[인터뷰] 에디터J, 더 나은 선택지를 위해 이브 라지, 슬림을 출시한 이유",2,0,1,245,129.632862,0
2023-03-05,/article/blog/8/16329/,임신 확률을 낮추는 믿음직한 콘돔 사용법,2,0.5,0.5,281,209.2102635,0
2023-03-05,/article/blog/8/166/page/1/,[생리컵] 성경험? 처녀막 파열? 생리컵 써도 괜찮을까?,2,0.5,0.5,46,33.0135315,0
2023-03-05,/article/blog/8/16688/categoryno/1/,내 음경은 정상 크기인가요? (팩트주의/논란종결),2,0.5,0.5,108,63.069505,0
2023-03-05,/article/blog/8/16688/page/1/,내 음경은 정상 크기인가요? (팩트주의/논란종결),2,0.5,0.5,19,34.706118,0
2023-03-05,/article/blog/8/16688/page/1/categoryno/1/,내 음경은 정상 크기인가요? (팩트주의/논란종결),2,1,0,63,73.808385,0
2023-03-05,/article/blog/8/19592/page/1/,허벅지 굵기와 정력에 연관이 있을까?(feat. 식욕과 성욕의 관계),2,1,0,119,74.533869,0
2023-03-05,/article/blog/8/19839/page/3/categoryno/1/,섹스 중 질에 출혈이 생기는 이유는 뭔가요?(출혈 없는 섹스를 위한 tip),2,1,0,144,83.015254,0
2023-03-05,/article/blog/8/26578/page/2/categoryno/1/,"[섹슈얼 헬스케어 #1] 성기에서 입으로 옮는 성병? 안전하고 건강하게 오럴섹스 하는 법(HPV, 헤르페스 증상과 예방법)",2,1,0,32,44.8246,0
2023-03-05,/article/blog/8/26869/categoryno/1/,"[섹슈얼 헬스케어 #3] 월경통 완화(생리통 약 복용, 감마리놀렌산, 생활습관 등)",2,1,0,62,36.4448285,0
2023-03-05,/article/blog/8/26940/,"나의 섹스 판타지는 OO한 분위기(Melting Christmas, Melting My Lover)",2,1,0,46,60.896659,0
2023-03-05,/article/blog/8/27178/,체레미 마카다운 섹슈얼 라이프(2022 Brand meet up 후기),2,1,0,10,15.731439,0
2023-03-05,/article/blog/8/6340/,"비밀 시리즈 #3. 실제 두께를 표기한 최초의 콘돔, 이브콘돔",2,0,1,24,17.463025,0
2023-03-05,/article/blog/8/9718,생리 중 섹스 : 진실의 양면,2,0,1,240,124.487608,0
2023-03-05,/article/faq/3/25555/,FAQ - 체레미 마카,2,1,0,4,583.914357,0
2023-03-05,/article/notice/1/27626/,NOTICE - 체레미 마카,2,1,0,14,9.8026095,0
2023-03-05,/article/press/3001/50/,Vegan Condoms?,2,0,1,7,3.806392,0
2023-03-05,/article/review/4/16395/,국내 첫 핑거콘돔 사용후기,2,0,1,21,25.147289,0
2023-03-05,/article/review/4/17298/page/20/,핑거콘돔 후기,2,0,1,22,11.8016655,0
2023-03-05,/article/review/4/23155/,만족할 만큼 좋은 상품이에요...,2,0,1,6,17.128887,0
2023-03-05,/board/blog/all.html,(not set),2,1,0,0,0.2045345,0
2023-03-05,/board/faq/3/,FAQ - 체레미 마카,2,1,0,7,20.046266,0
2023-03-05,/board/faq/list.html,체레미 마카 - 이브콘돔의 새로운 이름 | 이브젤·이브컵 증정이벤트 진행중,2,1,0,4,3.7945665,0
2023-03-05,/board/product/list.html,(not set),2,1,0,0,2.471977,0
2023-03-05,/brand/leadershipprinciples.html,체레미 마카 - 이브콘돔의 새로운 이름 | 이브젤·이브컵 증정이벤트 진행중,2,0,1,273,437.80381999999992,0
2023-03-05,/brand/mission.html,체레미 마카 - 이브콘돔의 새로운 이름 | 이브젤·이브컵 증정이벤트 진행중,2,1,0,27,18.2176595,0
2023-03-05,/brand/offline-store.html,오프라인 매장 - 체레미 마카,2,1,0,59,23.696913,0
2023-03-05,/brand/organizationalculture.html,조직문화 - 체레미 마카,2,1,0,34,19.6463335,0
2023-03-05,/category/%EC%A0%A4/85/,젤 - 체레미 마카,2,1,0,21,13.6763035,0
2023-03-05,/category/gel/85/,젤 - 체레미 마카,2,0.5,0.5,27,15.311904,0
2023-03-05,/member/join_result.html,회원가입을 축하드립니다 - 체레미 마카,2,1,0,97,105.6862805,0
2023-03-05,/myshop/order/account.html,체레미 마카 - 이브콘돔의 새로운 이름 | 이브젤·이브컵 증정이벤트 진행중,2,1,0,50,86.664961,0
2023-03-05,/myshop/order/list_old.html,체레미 마카 - 이브콘돔의 새로운 이름 | 이브젤·이브컵 증정이벤트 진행중,2,1,0,0,2.620871,0
2023-03-05,/myshop/order/receiver_update.html,체레미 마카 - 이브콘돔의 새로운 이름 | 이브젤·이브컵 증정이벤트 진행중,2,1,0,5,119.457268,0
2023-03-05,/order/order_result.html,(not set),2,1,0,0,97.9537895,0
2023-03-05,/product/%EB%A7%88%EC%82%AC%EC%A7%80-%EC%BA%94%EB%93%A4-%ED%8F%AC%EB%A0%88%EC%8A%A4%ED%8A%B8-%EB%AC%B880g/516/category/24/display/1/,마사지 캔들 포레스트 문(80g) - 이브콘돔 공식몰,2,1,0,70,124.857549,0
2023-03-05,/product/%EB%A9%80%ED%8B%B0%EC%BC%80%EC%96%B4-%EC%84%B8%ED%8A%B8/523/category/24/display/1/,멀티케어 세트 - 이브콘돔 공식몰,2,1,0,49,35.518452,0
2023-03-05,/product/%EC%83%9D%EB%A6%AC%ED%8C%AC%ED%8B%B0-%EC%8B%9C%EC%9E%91-%EC%84%B8%ED%8A%B8/244/category/98/display/1/,생리팬티 2&1 세트,2,1,0,126,68.1453055,0
2023-03-05,/product/%EC%9D%B4%EB%B8%8C%EC%BB%B5-mini-s-l/262/,"이브컵 mini, S, L",2,0,1,22,14.2917735,0
2023-03-05,/product/%EC%9D%B4%EB%B8%8C%EC%BD%98%EB%8F%94-%EB%9D%BC%EC%A7%80/270/category/24/display/1/,이브콘돔 라지(10p),2,1,0,47,28.365993500000002,0
2023-03-05,/product/%EC%9D%B8%ED%8B%B0%EB%B0%8B%EC%A0%A4-%EB%B0%B1%EB%8F%84%EC%96%B4130ml/517/category/1/display/9/,인티밋젤 백도어(130ml) - 이브콘돔 공식몰,2,1,0,87,51.762306,0
2023-03-05,/product/%ED%8E%A8%EB%A7%88%EC%B9%B4-%EA%B5%AC%EB%AF%B863g/519/category/1/display/9/,체레미 마카 펨마카 구미,2,1,0,38,29.9892005,0
2023-03-05,/product/detail.html,멀티케어 세트 - 이브콘돔 공식몰,2,1,0,7,70.905819,0
2023-03-05,/product/detail.html,체레미 마카 펨마카 구미,2,0,1,14,283.8088685,0
2023-03-05,/product/list.html,체레미 마카 | 젤,2,1,0,13,10.9883935,0
2023-03-05,/product/list.html,콘돔 - 체레미 마카,2,1,0,25,14.6520625,0
2023-03-05,/product/list_thumb.html,체레미 마카 - 이브콘돔의 새로운 이름 | 이브젤·이브컵 증정이벤트 진행중,2,0,1,2,16.9174475,0
2023-03-05,/promotion/index.html,체레미 마카 - 이브콘돔의 새로운 이름 | 이브젤·이브컵 증정이벤트 진행중,2,1,0,18,26.189756,0
2023-03-05,/sustainability/long-term-goal.html,체레미 마카의 약속 - 체레미 마카,2,1,0,60,73.190595,0
2023-03-05,/sustainability/sustainable-environmental.html,지속가능 실현 체레미 마카,2,1,0,7,6.1241055,0
2023-03-05,/article/10%EB%8C%80-%EC%9D%B8%ED%84%B4/14/7430/,EVE 이브 10대 인턴,1,0,1,20,24.880032,0
2023-03-05,/article/blog/8/10566/,월경하는 애인을 위한 생활백서,1,0,1,18,24.925595,0
2023-03-05,/article/blog/8/10566/page/13/categoryno/1/,월경하는 애인을 위한 생활백서,1,1,0,32,43.857464,0
2023-03-05,/article/blog/8/11264/page/5/,가끔 부륵-하는 질방귀소리에 분위기가 아쉬워졌다면,1,1,0,12,17.680513,0
2023-03-05,/article/blog/8/11456/page/7/%E2%80%8B,섹스하는 꿈은 왜 꾸나요? (a.k.a Sex Dream),1,0,1,5,5.86666,0
2023-03-05,/article/blog/8/11815/page/3/categoryno/1/,똑똑한 사람이랑 섹스하고 싶어요 – (a.k.a 사피오섹슈얼),1,1,0,80,176.74293,0
2023-03-05,/article/blog/8/12066/page/7/,뒤로하는 섹스에 대하여 (Real 후방주의),1,1,0,76,84.425625,0
2023-03-05,/article/blog/8/12220/page/7/,술 먹고 섹스하면 생기는 일 (a.k.a 음쥬섹ㅅㅡ),1,1,0,15,21.556367,0
2023-03-05,/article/blog/8/12516/page/3/categoryno/1/,여성으로서 섹스하며 궁금했던 것들을 풀어봅니다.,1,1,0,288,340.951069,0
2023-03-05,/article/blog/8/12516/page/7/,여성으로서 섹스하며 궁금했던 것들을 풀어봅니다.,1,1,0,112,120.486852,0
2023-03-05,/article/blog/8/12566/page/5/,건강과 안전을 기준으로 섹스토이 고르는 법 (a.k.a 자위기구),1,1,0,19,555.453356,0
2023-03-05,/article/blog/8/12566/page/5/categoryno/1/,건강과 안전을 기준으로 섹스토이 고르는 법 (a.k.a 자위기구),1,1,0,35,42.304056,0
2023-03-05,/article/blog/8/12833/page/3/,맨날 자위해도 괜찮나요? (a.k.a 중독의 기준),1,0,1,25,27.11618,0
2023-03-05,/article/blog/8/12833/page/3/categoryno/1/,맨날 자위해도 괜찮나요? (a.k.a 중독의 기준),1,1,0,114,123.547081,0
2023-03-05,/article/blog/8/12833/page/5/,맨날 자위해도 괜찮나요? (a.k.a 중독의 기준),1,1,0,23,30.369919,0
2023-03-05,/article/blog/8/12833/page/5/categoryno/1/,맨날 자위해도 괜찮나요? (a.k.a 중독의 기준),1,1,0,36,43.001021,0
2023-03-05,/article/blog/8/12833/page/7/%E2%80%8B,맨날 자위해도 괜찮나요? (a.k.a 중독의 기준),1,1,0,128,188.84094,0
2023-03-05,/article/blog/8/13012/page/1/,섹스 중 야한 말은 어떻게 하는 건가요? (a.k.a Dirty Talk),1,1,0,0,48.039963,0
2023-03-05,/article/blog/8/13012/page/3/,섹스 중 야한 말은 어떻게 하는 건가요? (a.k.a Dirty Talk),1,0,1,1,2.228507,0
2023-03-05,/article/blog/8/13012/page/3/categoryno/1/,섹스 중 야한 말은 어떻게 하는 건가요? (a.k.a Dirty Talk),1,1,0,283,296.421764,0
2023-03-05,/article/blog/8/13012/page/5/,섹스 중 야한 말은 어떻게 하는 건가요? (a.k.a Dirty Talk),1,1,0,136,145.027445,0
2023-03-05,/article/blog/8/13116/page/1/,여성의 몸에서 나오는 분비물은 다 같은 것일까?,1,0,1,0,49.14928,0
2023-03-05,/article/blog/8/13116/page/5/,여성의 몸에서 나오는 분비물은 다 같은 것일까?,1,1,0,24,31.993295,0
2023-03-05,/article/blog/8/13116/page/5/categoryno/1/,여성의 몸에서 나오는 분비물은 다 같은 것일까?,1,1,0,19,30.984574,0
2023-03-05,/article/blog/8/13116/page/7/,여성의 몸에서 나오는 분비물은 다 같은 것일까?,1,1,0,16,23.389809,0
2023-03-05,/article/blog/8/13117/page/3/categoryno/1/,"물이 너무 많이 나와요 (a.k.a squirting, 시오후키, 여성사정에 관하여)",1,1,0,80,90.110745,0
2023-03-05,/article/blog/8/13117/page/5/categoryno/1/,"물이 너무 많이 나와요 (a.k.a squirting, 시오후키, 여성사정에 관하여)",1,1,0,61,67.310039,0
2023-03-05,/article/blog/8/13286/page/4/,쿠퍼액으로 임신이 되나요? (팩트주의 / 논란종결),1,1,0,220,229.484192,0
2023-03-05,/article/blog/8/13286/page/7/,쿠퍼액으로 임신이 되나요? (팩트주의 / 논란종결),1,1,0,0,274.192229,0
2023-03-05,/article/blog/8/13332/page/3/categoryno/1/,정액 맛을 바꿀 수 있나요? (a.k.a 맛과 효능),1,1,0,84,93.420213,0
2023-03-05,/article/blog/8/13332/page/5/,정액 맛을 바꿀 수 있나요? (a.k.a 맛과 효능),1,1,0,129,139.89544,0
2023-03-05,/article/blog/8/13545/,질염으로 하이패스 (a.k.a 카섹스의 위험성),1,1,0,50,61.456398,0
2023-03-05,/article/blog/8/13545/page/1/,질염으로 하이패스 (a.k.a 카섹스의 위험성),1,1,0,0,111.967544,0
2023-03-05,/article/blog/8/13545/page/3/categoryno/1/,질염으로 하이패스 (a.k.a 카섹스의 위험성),1,1,0,76,82.550825,0
2023-03-05,/article/blog/8/13545/page/6/,질염으로 하이패스 (a.k.a 카섹스의 위험성),1,0,1,33,41.449331,0
2023-03-05,/article/blog/8/13736/page/3/categoryno/1/,포경수술과 섹스의 상관관계 (a.k.a 민감도 논란종결),1,1,0,208,211.774104,0
2023-03-05,/article/blog/8/13736/page/4/categoryno/1/,포경수술과 섹스의 상관관계 (a.k.a 민감도 논란종결),1,1,0,69,73.626562,0
2023-03-05,/article/blog/8/13972/page/3/categoryno/1/,텐트에서 섹스한 날,1,0.5,0.5,194,171.6000095,0
2023-03-05,/article/blog/8/13972/page/7/,텐트에서 섹스한 날,1,1,0,24,29.586945,0
2023-03-05,/article/blog/8/14046/page/2/,왁싱하면 섹스할 때 더 좋나요? (a.k.a 무소유의 득과 실),1,0,1,10,13.888978,0
2023-03-05,/article/blog/8/14046/page/7/categoryno/1/,왁싱하면 섹스할 때 더 좋나요? (a.k.a 무소유의 득과 실),1,0,1,164,172.831684,0
2023-03-05,/article/blog/8/14133/page/1/%E2%80%8B,"오르가즘의 패권을 잡고 싶다면 위에 오르소서(a.k.a 여성상위, 기승위)",1,1,0,34,43.417499,0
2023-03-05,/article/blog/8/14208/page/2/categoryno/1/,"사정하지 못하는 이유가 뭘까요? (a.k.a 지루, 사정지연)",1,0,1,99,106.939918,0
2023-03-05,/article/blog/8/14375/,EVE의 청소년콘돔무료지원 프로젝트,1,1,0,10,15.323981,0
2023-03-05,/article/blog/8/14377/,EVE는 퀴어문화축제와 3년 연속 함께하고 있습니다,1,1,0,2,5.646755,0
2023-03-05,/article/blog/8/14389/,EVE 섹스 성향테스트 결과를 알아보자! 😉,1,1,0,10,28.336842,0
2023-03-05,/article/blog/8/14389/page/1/,EVE 섹스 성향테스트 결과를 알아보자! 😉,1,1,0,26,274.183083,0
2023-03-05,/article/blog/8/14389/page/4/categoryno/1/,EVE 섹스 성향테스트 결과를 알아보자! 😉,1,1,0,4,9.42635,0
2023-03-05,/article/blog/8/14389/page/6/,EVE 섹스 성향테스트 결과를 알아보자! 😉,1,1,0,21,193.691979,0
2023-03-05,/article/blog/8/14389/page/9/categoryno/1/,EVE 섹스 성향테스트 결과를 알아보자! 😉,1,1,0,3,10.473331,0
2023-03-05,/article/blog/8/14495/page/4/,"건강하고 안전한 여성 자위 첫걸음 (a.k.a 마스터베이션, 자기위로)",1,1,0,14,22.596491,0
2023-03-05,/article/blog/8/14576/page/1/,"첫 섹스를 앞둔 이들에게 (a.k.a 첫 경험, 현실주의)",1,1,0,371,381.133198,0
2023-03-05,/article/blog/8/14576/page/6/,"첫 섹스를 앞둔 이들에게 (a.k.a 첫 경험, 현실주의)",1,0,1,0,122.046839,0
2023-03-05,/article/blog/8/14576/page/8/categoryno/1/,"첫 섹스를 앞둔 이들에게 (a.k.a 첫 경험, 현실주의)",1,1,0,86,94.739637,0
2023-03-05,/article/blog/8/14652/page/2/categoryno/1/,샤워하며 섹스해도 되나요? (파트너와 함께 목욕 즐기기),1,1,0,46,51.698126,0
2023-03-05,/article/blog/8/14652/page/4/,샤워하며 섹스해도 되나요? (파트너와 함께 목욕 즐기기),1,1,0,70,82.598143,0
2023-03-05,/article/blog/8/14652/page/4/categoryno/1/,샤워하며 섹스해도 되나요? (파트너와 함께 목욕 즐기기),1,1,0,99,105.429923,0
2023-03-05,/article/blog/8/14652/page/5/%E2%80%8B,샤워하며 섹스해도 되나요? (파트너와 함께 목욕 즐기기),1,0,1,1,2.249855,0
2023-03-05,/article/blog/8/14652/page/8/categoryno/1/,샤워하며 섹스해도 되나요? (파트너와 함께 목욕 즐기기),1,0.5,0.5,107,60.3286765,0
2023-03-05,/article/blog/8/14766/page/1/,건강하고 안전한 레즈비언 섹스 팁,1,0,1,276,284.365747,0
2023-03-05,/article/blog/8/14766/page/3/,건강하고 안전한 레즈비언 섹스 팁,1,0,1,0,0,0
2023-03-05,/article/blog/8/14766/page/8/categoryno/1/,건강하고 안전한 레즈비언 섹스 팁,1,1,0,352,361.333706,0
2023-03-05,/article/blog/8/14862/page/3/categoryno/1/,(not set),1,1,0,0,0.235162,0
2023-03-05,/article/blog/8/14862/page/8/categoryno/1/,"섹스할 때 빨리 사정하는 이유가 뭘까요? (a.k.a 조루, 빠른 사정)",1,0,1,289,294.900793,0
2023-03-05,/article/blog/8/15165/page/2/categoryno/1/,섹스를 많이 하면 질이 넓어지나요? (팩트주의),1,1,0,157,168.82719,0
2023-03-05,/article/blog/8/15165/page/3/categoryno/1/,섹스를 많이 하면 질이 넓어지나요? (팩트주의),1,1,0,46,50.316673,0
2023-03-05,/article/blog/8/15262/page/3/categoryno/1/,오럴섹스 잘 하는 방법 알려주세요!! (커널링구스 편),1,1,0,122,126.511654,0
2023-03-05,/article/blog/8/15399/categoryno/1/,"손가락만 활용해 오르가즘에 다다를 수 있다고? (a.k.a 핑거링, 핑거콘돔)",1,0,1,429,599.2929225,0
2023-03-05,/article/blog/8/15399/page/3/categoryno/1/,"손가락만 활용해 오르가즘에 다다를 수 있다고? (a.k.a 핑거링, 핑거콘돔)",1,1,0,143,149.099749,0
2023-03-05,/article/blog/8/15399/page/6/categoryno/1/,"손가락만 활용해 오르가즘에 다다를 수 있다고? (a.k.a 핑거링, 핑거콘돔)",1,1,0,119,129.564026,0
2023-03-05,/article/blog/8/15716/,(not set),1,1,0,0,1.657884,0
2023-03-05,/article/blog/8/15716/page/3/categoryno/1/,"남성 자위 제대로 알아보자 (a.k.a ㅈㅇ, 자기위로)",1,1,0,15,23.106313,0
2023-03-05,/article/blog/8/15716/page/5/,"남성 자위 제대로 알아보자 (a.k.a ㅈㅇ, 자기위로)",1,1,0,113,119.710368,0
2023-03-05,/article/blog/8/15786/page/1/categoryno/1/,오럴섹스 잘 하는 방법 알려주세요!! (펠라치오 편),1,1,0,0,2.589685,0
2023-03-05,/article/blog/8/15786/page/4/,오럴섹스 잘 하는 방법 알려주세요!! (펠라치오 편),1,1,0,28,35.324584,0
2023-03-05,/article/blog/8/15786/page/5/,오럴섹스 잘 하는 방법 알려주세요!! (펠라치오 편),1,1,0,155,161.198643,0
2023-03-05,/article/blog/8/15871/page/3/categoryno/1/,"전립선 마사지 – 기초편 (a.k.a 전립선 자극, 드라이 오르가즘)",1,1,0,53,62.064096,0
2023-03-05,/article/blog/8/15871/page/6/categoryno/1/,"전립선 마사지 – 기초편 (a.k.a 전립선 자극, 드라이 오르가즘)",1,1,0,129,137.993757,0
2023-03-05,/article/blog/8/15959/page/1/,"전립선 마사지 – 실전편 (a.k.a 전립선 자극, 드라이 오르가즘)",1,1,0,55,64.825216,0
2023-03-05,/article/blog/8/15959/page/3/,"전립선 마사지 – 실전편 (a.k.a 전립선 자극, 드라이 오르가즘)",1,1,0,5,8.823658,0
2023-03-05,/article/blog/8/15959/page/3/categoryno/1/,"전립선 마사지 – 실전편 (a.k.a 전립선 자극, 드라이 오르가즘)",1,1,0,5,11.366734,0
2023-03-05,/article/blog/8/15959/page/5/,"전립선 마사지 – 실전편 (a.k.a 전립선 자극, 드라이 오르가즘)",1,1,0,7,11.625793,0
2023-03-05,/article/blog/8/16053/page/5/,섹스 전후로 매끄럽게 피드백 주고받는 법,1,1,0,105,111.974077,0
2023-03-05,/article/blog/8/16185/,"[인터뷰] 에디터J, 이브 핑거콘돔이 세상에 나온 이유를 말하다.",1,1,0,17,23.838607,0
2023-03-05,/article/blog/8/16211/page/3/,"이상한 섹스 판타지, 과연 나는 정상인가? (a.k.a 성애, 성적 취향)",1,1,0,30,37.95198,0
2023-03-05,/article/blog/8/16211/page/3/categoryno/1/,"이상한 섹스 판타지, 과연 나는 정상인가? (a.k.a 성애, 성적 취향)",1,1,0,150,160.491558,0
2023-03-05,/article/blog/8/16329/page/3/,임신 확률을 낮추는 믿음직한 콘돔 사용법,1,1,0,8,14.235352,0
2023-03-05,/article/blog/8/16499/page/1/,"섹시한 키스, 지켜야 할 딱 세 가지 (a.k.a 입맞춤, kiss)",1,1,0,24,32.894976,0
2023-03-05,/article/blog/8/16499/page/2/categoryno/1/,(not set),1,1,0,0,2.6184,0
2023-03-05,/article/blog/8/16499/page/4/,"섹시한 키스, 지켜야 할 딱 세 가지 (a.k.a 입맞춤, kiss)",1,1,0,28,34.300264,0
2023-03-05,/article/blog/8/16688/page/2/categoryno/1/,내 음경은 정상 크기인가요? (팩트주의/논란종결),1,1,0,99,106.768261,0
2023-03-05,/article/blog/8/16688/page/4/,내 음경은 정상 크기인가요? (팩트주의/논란종결),1,1,0,94,98.880351,0
2023-03-05,/article/blog/8/16865/categoryno/1/,"간지러운 곳이 곧 성감대라고 하던데? (a.k.a 애무, 전희)",1,1,0,45,53.784155,0
2023-03-05,/article/blog/8/16865/page/1/,"간지러운 곳이 곧 성감대라고 하던데? (a.k.a 애무, 전희)",1,0,1,43,44.063147,0
2023-03-05,/article/blog/8/16865/page/2/categoryno/1/,"간지러운 곳이 곧 성감대라고 하던데? (a.k.a 애무, 전희)",1,0,1,10,21.648154,0
2023-03-05,/article/blog/8/16865/page/4/categoryno/1/,"간지러운 곳이 곧 성감대라고 하던데? (a.k.a 애무, 전희)",1,1,0,110,123.822455,0
2023-03-05,/article/blog/8/19423/page/4/,클리토리스를 만져도 아무것도 안 느껴져요,1,1,0,151,159.225202,0
2023-03-05,/article/blog/8/19423/page/4/categoryno/1/,클리토리스를 만져도 아무것도 안 느껴져요,1,1,0,323,332.695925,0
2023-03-05,/article/blog/8/19592/categoryno/1/,허벅지 굵기와 정력에 연관이 있을까?(feat. 식욕과 성욕의 관계),1,1,0,68,73.218004,0
2023-03-05,/article/blog/8/19592/page/2/categoryno/1/,허벅지 굵기와 정력에 연관이 있을까?(feat. 식욕과 성욕의 관계),1,1,0,76,78.158022,0
2023-03-05,/article/blog/8/19762/page/2/categoryno/1/,"커플의 성욕 차이는 어떻게 좁혀야 할까요?(feat. 자위, 무성애자)",1,1,0,44,52.635833,0
2023-03-05,/article/blog/8/19762/page/4/categoryno/1/,"커플의 성욕 차이는 어떻게 좁혀야 할까요?(feat. 자위, 무성애자)",1,1,0,89,100.303104,0
2023-03-05,/article/blog/8/19839/page/2/,섹스 중 질에 출혈이 생기는 이유는 뭔가요?(출혈 없는 섹스를 위한 tip),1,1,0,77,85.087969,0
2023-03-05,/article/blog/8/24733/,초심자가 전하는 생리컵 사용기(feat.이브컵 가이드),1,0,1,42,49.074915,0
2023-03-05,/article/blog/8/25900/categoryno/1/,실리콘 젤? 러브젤 종류별로 어떤 차이가 있을까 (나에게 맞는 러브젤 고르는 법),1,1,0,88,96.125556,0
2023-03-05,/article/blog/8/25900/page/2/,실리콘 젤? 러브젤 종류별로 어떤 차이가 있을까 (나에게 맞는 러브젤 고르는 법),1,1,0,3,103.914098,0
2023-03-05,/article/blog/8/25900/page/3/categoryno/1/,실리콘 젤? 러브젤 종류별로 어떤 차이가 있을까 (나에게 맞는 러브젤 고르는 법),1,1,0,149,157.216562,0
2023-03-05,/article/blog/8/25987/,러브젤 의료기기화를 위한 우리의 노력,1,0,1,113,123.325388,0
2023-03-05,/article/blog/8/26030/page/2/,체레미 마카가 사내에서 모두의 권리를 존중하는 방법 (SRHR를 실현하는 복지제도와 사내문화),1,0,1,0,7.242044,0
2023-03-05,/article/blog/8/26143/page/2,"[나도 모르는 내 몸 이야기 #1] 여성의 몸 (g스팟 논란, 클리토리스 등)",1,1,0,97,123.617874,0
2023-03-05,/article/blog/8/26236/,"[나도 모르는 내 몸 이야기 #2] 남성의 몸 (모닝텐트, 반신욕과 정자 등)",1,1,0,78,86.426257,0
2023-03-05,/article/blog/8/26236/page/2/,"[나도 모르는 내 몸 이야기 #2] 남성의 몸 (모닝텐트, 반신욕과 정자 등)",1,1,0,219,228.897067,0
2023-03-05,/article/blog/8/26236/page/2/categoryno/1/,"[나도 모르는 내 몸 이야기 #2] 남성의 몸 (모닝텐트, 반신욕과 정자 등)",1,1,0,57,65.144717,0
2023-03-05,/article/blog/8/26521/page/1/,화한가요? 러브젤 사용 꿀팁(러브젤 어떻게 쓰나요?),1,0.5,0.5,8,132.483705,0
2023-03-05,/article/blog/8/26521/page/2/,화한가요? 러브젤 사용 꿀팁(러브젤 어떻게 쓰나요?),1,0,1,0,0,0
2023-03-05,/article/blog/8/26620/,지속가능한 지구를 향한 한 걸음 (탄소발자국 측정),1,1,0,9,10.771794,0
2023-03-05,/article/blog/8/26714/,"안전하게 '쌀' 수 없을 때 생기는 일 (세계 화장실의 날, 후원소식)",1,1,0,2,4.653039,0
2023-03-05,/article/blog/8/26714/categoryno/1/,"안전하게 '쌀' 수 없을 때 생기는 일 (세계 화장실의 날, 후원소식)",1,1,0,9,14.525359,0
2023-03-05,/article/blog/8/26805/,"[체레미 마카에 다니는 사람들 #3] 동물권 활동가 피칸, 비전공자가 사업개발팀에서 가치관을 실현하는 방법",1,1,0,3,5.201775,0
2023-03-05,/article/blog/8/5538/,비밀 시리즈 #1. 이브콘돔이 고무 냄새가 안 나는 이유,1,0,1,4,8.402947,0
2023-03-05,/article/blog/8/6455/page/18/categoryno/1/,[후기] 고객이 말하는 이브 피팬티 실제 후기,1,1,0,18,23.808522,0
2023-03-05,/article/blog/8/7786/,[섹스는 글로 배워야한다] ep.05 섹시한 음악,1,0,1,15,15.910292,0
2023-03-05,/article/blog/8/7970/page/4/categoryno/1/,[섹스는 글로 배워야한다] ep.06 속궁합의 속 이야기,1,0,1,0,6.193913,0
2023-03-05,/article/blog/8/9718/,생리 중 섹스 : 진실의 양면,1,1,0,59,67.20099,0
2023-03-05,/article/blog/8/9719/page/1/,클리토리스: 우리가 알던 것은 빙산의 일각이었을 뿐.,1,1,0,0,7.102552,0
2023-03-05,/article/blog/8/9719/page/3/,클리토리스: 우리가 알던 것은 빙산의 일각이었을 뿐.,1,1,0,137,150.721245,0
2023-03-05,/article/blog/8/9719/page/4/,클리토리스: 우리가 알던 것은 빙산의 일각이었을 뿐.,1,0,1,17,18.885126,0
2023-03-05,/article/blog/8/9777/page/4/categoryno/1/,'생리 중 섹스' 콘텐츠 이슈에 대한 EVE의 입장문,1,1,0,172,181.381876,0
2023-03-05,/article/faq/3/25562/,FAQ - 체레미 마카,1,1,0,0,0.847921,0
2023-03-05,/article/notice/1/12951/page/2/,NOTICE - 체레미 마카,1,1,0,1,3.073175,0
2023-03-05,/article/notice/1/24888/,NOTICE - 체레미 마카,1,0,1,2,6.414982,0
2023-03-05,/article/notice/1/26054/,NOTICE - 체레미 마카,1,0,1,0,7.205361,0
2023-03-05,/article/notice/1/26401/page/2/,NOTICE - 체레미 마카,1,1,0,1,3.76775,0
2023-03-05,/article/notice/1/26974/,NOTICE - 체레미 마카,1,0,1,0,5.53618,0
2023-03-05,/article/review/4/13386/,콘돔정착템 이브 리얼003 >_,1,0,1,0,0,0
2023-03-05,/article/review/4/14210/,배송올때 상품명 노출되서 와서 곤란,1,0,1,0,5.519656,0
2023-03-05,/article/review/4/15292/,Real 003,1,0,1,6,6.986414,0
2023-03-05,/article/review/4/2162/,콘돔 특유의 고무냄새도 안나고 두껍지도 않아서 좋았어요!,1,0,1,8,9.772851,0
2023-03-05,/article/review/4/23264/,믿고쓰는 이브 울트라씬! 고...,1,1,0,3,37.838874,0
2023-03-05,/article/review/4/25602/,믿고쓰는 이브 리얼 003 ...,1,0,1,12,12.337277,0
2023-03-05,/article/review/4/25653/page/7/,여자한테 더 좋은 콘돔이라 ...,1,0,1,2,4.551504,0
2023-03-05,/article/review/4/25704/,좋아요 근데 이브리얼 써보면...,1,0,1,4,5.871472,0
2023-03-05,/article/review/4/26381/,이브 젤 부터 계속 사용해 ...,1,0,1,0,0,0
2023-03-05,/article/review/4/27034/,우선 체레미마카 패키징이 너...,1,0,1,0,0,0
2023-03-05,/article/review/4/27297/,작년에 처음 구입하고 잘 사...,1,1,0,30,34.396561,0
2023-03-05,/article/review/4/3228/,콘돔만 끼면 자꾸 건조해져서 콘돔 끼는게 싫었는데 이브 콘돔쓰고선 그런거 전혀 없어서 처음 할때부터 써도 건조해지지않고 너무너무너무 좋습니다,1,0,1,13,13.598133,0
2023-03-05,/article/review/4/3746/,작열감이나 화한 느낌이 있으신 분들이 있다고 해서 조금 걱정했는데 저한테는 전~~~혀 없었습니다,1,1,0,8,91.835549,0
2023-03-05,/blog/all.html,블로그 - 체레미마카,1,0,1,6,8.426757,0
2023-03-05,/board/free/read.html,[EVENT] 베스트 리뷰어 이벤트 안내,1,0,1,3,4.641513,0
2023-03-05,/board/gallery/comment_del.html,체레미 마카 - 이브콘돔의 새로운 이름 | 이브젤·이브컵 증정이벤트 진행중,1,1,0,0,0.356974,0
2023-03-05,/board/notice/1/,NOTICE - 체레미 마카,1,1,0,3,7.74504,0
2023-03-05,/board/recruit/bdd.html,RECRUIT - 브랜드전략본부 | 체레미 마카,1,1,0,4,13.620697,0
2023-03-05,/board/review/4/,(not set),1,0,1,1,2.430764,0
2023-03-05,/brand/material-naturalrubber.html,MATERIAL - 천연고무 | 체레미 마카,1,1,0,8,9.765297,0
2023-03-05,/brand/offline-store.html,체레미 마카 - 이브콘돔의 새로운 이름 | 이브젤·이브컵 증정이벤트 진행중,1,1,0,0,0.114512,0
2023-03-05,/brand/srhr-definition.html,"체레미 마카 | 이브의 새로운 이름의 가치, 성과 재생산 건강과 권리",1,1,0,39,47.639771,0
2023-03-05,/category/%EC%BD%98%EB%8F%94/30/,(not set),1,0,1,6,6.418025,0
2023-03-05,/category/%EC%BD%98%EB%8F%94/83/,콘돔 - 체레미 마카,1,1,0,2,19.079527,0
2023-03-05,/category/condom/83,콘돔 - 체레미 마카,1,0,1,0,15.441208,0
2023-03-05,/category/sale/54/,(not set),1,0,1,0,5.595464,0
2023-03-05,/intro/adult_certification.html,체레미 마카 - 이브콘돔의 새로운 이름 | 이브젤·이브컵 증정이벤트 진행중,1,1,0,2,82.298775,0
2023-03-05,/member/id/find_id.html,(not set),1,1,0,0,0.416406,0
2023-03-05,/member/mall_agreement.html,체레미 마카 - 이브콘돔의 새로운 이름 | 이브젤·이브컵 증정이벤트 진행중,1,0,1,0,0.010796,0
2023-03-05,/member/modify.html,(not set),1,1,0,0,9.169559,0
2023-03-05,/myshop/addr/modify.html,체레미 마카 - 이브콘돔의 새로운 이름 | 이브젤·이브컵 증정이벤트 진행중,1,1,0,4,5.699192,0
2023-03-05,/myshop/index.html,(not set),1,1,0,0,0.156942,0
2023-03-05,/myshop/mileage/couponList.html,체레미 마카 - 이브콘돔의 새로운 이름 | 이브젤·이브컵 증정이벤트 진행중,1,1,0,4,4.863626,0
2023-03-05,/press/presslist.html,체레미 마카 - 이브콘돔의 새로운 이름 | 이브젤·이브컵 증정이벤트 진행중,1,0,1,0,0,0
2023-03-05,/product/%EB%9F%AC%EB%B2%84-%EC%84%B8%ED%8A%B8lover-set/243/category/1/display/9/,러버 세트(LOVER SET),1,1,0,9,11.554675,0
2023-03-05,/product/%EB%9F%AC%EB%B2%84-%EC%84%B8%ED%8A%B8lover-set/243/category/85/,러버 세트(LOVER SET),1,1,0,65,74.301095,0
2023-03-05,/product/%EB%A6%AC%EC%96%BC0035-2%ED%8C%A920p%EC%95%84%EA%B7%B8%EB%A1%9C%ED%8F%AC%EB%A0%88%EC%8A%A4%ED%8A%B8%EB%A6%AC-%ED%95%91%EA%B1%B0%EB%8F%9418p/314/category/24/display/1/,리얼0.035 3팩(30p)+아그로포레스트리 핑거돔(10p),1,1,0,53,70.450648,0
2023-03-05,/product/%EB%A6%AC%EC%96%BC0035-3%ED%8C%A930p%EC%95%84%EA%B7%B8%EB%A1%9C%ED%8F%AC%EB%A0%88%EC%8A%A4%ED%8A%B8%EB%A6%AC-%EB%8F%84%ED%8B%B0%EB%93%9C10p/316/category/24/display/1/,리얼0.035 3팩(30p)+아그로포레스트리 도티드(10p),1,1,0,7,13.15067,0
2023-03-05,/product/%EB%A6%AC%EC%96%BC0035-3%ED%8C%A930p%EC%95%84%EA%B7%B8%EB%A1%9C%ED%8F%AC%EB%A0%88%EC%8A%A4%ED%8A%B8%EB%A6%AC-%EB%8F%84%ED%8B%B0%EB%93%9C10p/316/category/83/,리얼0.035 3팩(30p)+아그로포레스트리 도티드(10p),1,1,0,48,55.930049,0
2023-03-05,/product/%EB%A6%AC%EC%96%BC0035-3%ED%8C%A930p%EC%95%84%EA%B7%B8%EB%A1%9C%ED%8F%AC%EB%A0%88%EC%8A%A4%ED%8A%B8%EB%A6%AC-%EC%9A%B8%ED%8A%B8%EB%9D%BC%EC%94%AC10p/315/category/24/display/1/,리얼0.035 3팩(30p)+아그로포레스트리 울트라씬(10p),1,1,0,0,0.655579,0
2023-03-05,/product/%EB%A7%88%EC%82%AC%EC%A7%80-%EC%BA%94%EB%93%A4-%ED%8F%AC%EB%A0%88%EC%8A%A4%ED%8A%B8-%EB%AC%B880g/516/category/1/display/9/,마사지 캔들 포레스트 문(80g) - 이브콘돔 공식몰,1,1,0,37,42.778243,0
2023-03-05,/product/%EB%A7%88%EC%82%AC%EC%A7%80-%EC%BA%94%EB%93%A4-%ED%8F%AC%EB%A0%88%EC%8A%A4%ED%8A%B8-%EB%AC%B880g/516/category/120/display/1/,마사지 캔들 포레스트 문(80g) - 이브콘돔 공식몰,1,0,1,22,25.424008,0
2023-03-05,/product/%EC%83%9D%EB%A6%AC%ED%8C%AC%ED%8B%B0%EC%83%9D%EB%A6%AC%EC%BB%B5-%EC%84%B8%ED%8A%B8/246/category/98/display/1/,생리팬티&생리컵 세트,1,1,0,201,211.699342,0
2023-03-05,/product/%EC%83%9D%EB%A6%AC%ED%8C%AC%ED%8B%B0-%EC%95%88%EC%8B%AC-%EC%84%B8%ED%8A%B8/245/category/98/display/1/,생리팬티 3&2 세트,1,1,0,27,410.599304,0
2023-03-05,/product/%EC%95%84%EA%B7%B8%EB%A1%9C%ED%8F%AC%EB%A0%88%EC%8A%A4%ED%8A%B8%EB%A6%AC%C2%AE-%EC%9D%B4%EB%B8%8C%EC%BD%98%EB%8F%94-%EB%8F%84%ED%8B%B0%EB%93%9C/267/category/24/display/1/,아그로포레스트리® 이브콘돔 도티드(10p),1,1,0,24,31.395666,0
2023-03-05,/product/%EC%95%84%EA%B7%B8%EB%A1%9C%ED%8F%AC%EB%A0%88%EC%8A%A4%ED%8A%B8%EB%A6%AC%C2%AE-%EC%9D%B4%EB%B8%8C%EC%BD%98%EB%8F%94-%EC%9A%B8%ED%8A%B8%EB%9D%BC%EC%94%AC10p/278/category/83/display/1/,아그로포레스트리® 이브콘돔 울트라씬(10p),1,1,0,2,5.554507,0
2023-03-05,/product/%EC%95%84%EA%B7%B8%EB%A1%9C%ED%8F%AC%EB%A0%88%EC%8A%A4%ED%8A%B8%EB%A6%AC%C2%AE-%EC%9D%B4%EB%B8%8C-%ED%95%91%EA%B1%B0%EB%8F%9418p/264/category/83/display/1/,아그로포레스트리® 이브 핑거돔(18p),1,1,0,0,0.537449,0
2023-03-05,/product/%EC%9C%A0%EA%B8%B0%EB%86%8D-%EC%88%9C%EB%A9%B4%EC%BB%A4%EB%B2%84-%EB%A1%B1%EB%9D%BC%EC%9D%B4%EB%84%88-5%ED%8C%A9100%EA%B0%9C%EC%9E%85/241/category/96/display/1/,순면커버 롱라이너 5팩(100개입),1,1,0,23,24.479117,0
2023-03-05,/product/%EC%9C%A0%EA%B8%B0%EB%86%8D-%EC%88%9C%EB%A9%B4%EC%BB%A4%EB%B2%84-%EB%A1%B1%EB%9D%BC%EC%9D%B4%EB%84%8820%EA%B0%9C%EC%9E%85/239/category/96/display/1/,순면커버 롱라이너(20개입),1,1,0,36,39.916169,0
2023-03-05,/product/%EC%9C%A0%EA%B8%B0%EB%86%8D-%EC%88%9C%EB%A9%B4%EC%BB%A4%EB%B2%84-%EC%83%9D%EB%A6%AC%EB%8C%80-%EB%8C%80%ED%98%95-3%ED%8C%A9-36%EA%B0%9C%EC%9E%85/471/category/96/display/1/,유기농 순면커버 생리대 대형 3팩 (36개입),1,1,0,54,84.014239,0
2023-03-05,/product/%EC%9C%A0%EA%B8%B0%EB%86%8D-%EC%88%9C%EB%A9%B4%EC%BB%A4%EB%B2%84-%EC%83%9D%EB%A6%AC%EB%8C%80-%EB%8C%80%ED%98%9512%EA%B0%9C%EC%9E%85/251/category/96/display/1/,순면커버 생리대 대형(12개입),1,1,0,16,24.512417,0
2023-03-05,/product/%EC%9C%A0%EA%B8%B0%EB%86%8D-%EC%88%9C%EB%A9%B4%EC%BB%A4%EB%B2%84-%EC%83%9D%EB%A6%AC%EB%8C%80-%EC%A4%91%ED%98%9514%EA%B0%9C%EC%9E%85/255/category/96/display/1/,순면커버 생리대 중형(14개입),1,1,0,30,345.754654,0
2023-03-05,/product/%EC%9C%A0%EA%B8%B0%EB%86%8D-%EC%88%9C%EB%A9%B4%EC%BB%A4%EB%B2%84-%EC%83%9D%EB%A6%AC%EB%8C%80-3%EC%A2%85-5%ED%8C%A9/512/category/96/display/1/,유기농 순면커버 생리대 3종 5팩 - 이브콘돔 공식몰,1,1,0,11,15.117984,0
2023-03-05,/product/%EC%9C%A4%ED%99%9C%EC%A0%9C-11-%EC%84%B8%ED%8A%B8md%EB%A3%A8%EB%B8%8C%EC%9D%B8%ED%8B%B0%EB%B0%8B%EC%A0%A4/261/category/1/display/9/,윤활제 1&1 세트(MD루브&인티밋젤),1,1,0,44,219.239253,0
2023-03-05,/product/%EC%9D%B4%EB%B8%8C%EC%BB%B5-11-%EC%84%B8%ED%8A%B8/263/category/24/display/1/,이브컵 1&1 세트,1,1,0,2,4.929537,0
2023-03-05,/product/%EC%9D%B4%EB%B8%8C%EC%BB%B5-mini-s-l/262/category/1/display/10/,"이브컵 mini, S, L",1,1,0,1,1.935797,0
2023-03-05,/product/%EC%9D%B4%EB%B8%8C%EC%BD%98%EB%8F%94-%EB%A6%AC%EC%96%BC-0035/286/category/83/display/1/,(not set),1,1,0,0,0.231763,0
2023-03-05,/product/%EC%9D%B4%EB%B8%8C%EC%BD%98%EB%8F%94-%EB%A6%AC%EC%96%BC-003510p/286/category/24/display/1/,이브콘돔 리얼 0.035(10p),1,1,0,54,59.18657,0
2023-03-05,/product/%EC%9D%B4%EB%B8%8C%EC%BD%98%EB%8F%94-%EC%8A%AC%EB%A6%BC10p/275/,이브콘돔 슬림(10p),1,0,1,46,58.53761,0
2023-03-05,/product/%EC%9D%B4%EB%B8%8C%EC%BD%98%EB%8F%94-%EC%8A%AC%EB%A6%BC10p/275/category/83/display/1/,이브콘돔 슬림(10p),1,0,1,47,47.699157,0
2023-03-05,/product/%EC%9D%B4%EB%B8%8C%EC%BD%98%EB%8F%94-3%EC%A2%85-%EC%84%B8%ED%8A%B8/266/category/83/,이브콘돔 3종 세트,1,1,0,32,35.012347,0
2023-03-05,/product/%EC%9D%B8%ED%8B%B0%EB%B0%8B%EC%A0%A4-%EB%82%B4%EC%B6%94%EB%9F%B4130ml/281/category/85/,(not set),1,1,0,0,0.120518,0
2023-03-05,/product/%EC%9D%B8%ED%8B%B0%EB%B0%8B%EC%A0%A4-%EB%82%B4%EC%B6%94%EB%9F%B4130ml/281/category/85/,인티밋젤 내추럴(130ml),1,1,0,72,40.439633,0
2023-03-05,/product/%EC%9D%B8%ED%8B%B0%EB%B0%8B%EC%A0%A4-%EB%9D%BC%EB%B2%A4%EB%8D%94130ml/283/category/24/display/1/,인티밋젤 라벤더(130ml),1,0,1,23,30.464225,0
2023-03-05,/product/%EC%9D%B8%ED%8B%B0%EB%B0%8B%EC%A0%A4-%EB%B0%B1%EB%8F%84%EC%96%B4130ml/517/category/120/display/1/,인티밋젤 백도어(130ml) - 이브콘돔 공식몰,1,1,0,3,110.679132,0
2023-03-05,/product/%EC%9D%B8%ED%8B%B0%EB%B0%8B%EC%A0%A4-%EB%B0%B1%EB%8F%84%EC%96%B4130ml/517/category/24/display/1/,인티밋젤 백도어(130ml) - 이브콘돔 공식몰,1,1,0,24,30.011211,0
2023-03-05,/product/%EC%9D%B8%ED%8B%B0%EB%B0%8B%EC%A0%A4-%ED%9C%B4%EB%8C%80%EC%9A%A9-5ml/282/category/85/display/1/,(not set),1,1,0,0,0.205116,0
2023-03-05,/product/%EC%9D%B8%ED%8B%B0%EB%B0%8B%EC%A0%A4md%EB%A3%A8%EB%B8%8C-114%EC%A2%85-%ED%83%9D2/261/category/24/display/1/,윤활제 1&1 세트(MD루브&인티밋젤),1,1,0,25,50.667589,0
2023-03-05,/product/%ED%8E%A8%EA%B0%90%EB%A7%88%EB%A6%AC%EB%86%80%EB%A0%8C%EC%82%B0-%EB%A6%AC%ED%80%B4%EB%93%9C14%ED%8F%AC/520/category/1/display/9/,펨감마리놀렌산 리퀴드(14포) - 이브콘돔 공식몰,1,1,0,18,33.133437,0
2023-03-05,/product/%ED%8E%A8%EB%A7%88%EC%B9%B4-%EA%B5%AC%EB%AF%B863g/519/category/24/display/1/,체레미 마카 펨마카 구미,1,1,0,8,10.277671,0
2023-03-05,/product/cheremimaka/262,"이브컵 mini, S, L",1,0,1,0,7.200743,0
2023-03-05,/product/detail.html,아그로포레스트리® 이브콘돔 울트라씬(10p),1,0,1,0,0,0
2023-03-05,/product/detail.html,외음부세정제 거품형(150ml),1,1,0,10,15.837775,0
2023-03-05,/product/detail.html,유기농 순면커버 생리대 3종 5팩 - 이브콘돔 공식몰,1,0,1,3,49.47705,0
2023-03-05,/product/detail.html,인티밋젤 휴대용 5ml(30p),1,1,0,15,21.655547,0
2023-03-05,/product/fam/520/category/131/display/1/,펨감마리놀렌산 리퀴드(14포) - 이브콘돔 공식몰,1,0,1,1,2.894865,0
2023-03-05,/product/list.html,젤 - 체레미 마카,1,1,0,5,7.968338,0
2023-03-05,/product/md%EB%A3%A8%EB%B8%8C-%EC%8B%A4%EB%A6%AC%EC%BD%98100ml/242/category/24/display/1/,MD루브 실리콘(100ml),1,1,0,14,17.082259,0
2023-03-05,/product/md%EB%A3%A8%EB%B8%8C-%EC%8B%A4%EB%A6%AC%EC%BD%98100ml/242/category/85/display/1/,(not set),1,1,0,0,0.001873,0
2023-03-05,/product/search.html,(not set),1,1,0,0,4.170512,0
2023-03-05,/sustainability/sustainable-environmental.html,지속가능 실현 - 체레미 마카,1,1,0,0,1.339908,0
2023-03-05,/article/blog/8/13012/,Como você diz palavrões durante o sexo? (também conhecido como Conversa Suja),0,1,0,89,90.197446,0
2023-03-05,/article/blog/8/14862/page/3/categoryno/1/,"섹스할 때 빨리 사정하는 이유가 뭘까요? (a.k.a 조루, 빠른 사정)",0,1,0,64,70.198793,0
2023-03-05,/article/blog/8/16499/page/2/categoryno/1/,"섹시한 키스, 지켜야 할 딱 세 가지 (a.k.a 입맞춤, kiss)",0,1,0,95,95.487714,0
2023-03-05,/article/blog/8/25671/,아그로포레스트리 스토리: 지속가능한 환경을 위한 콘돔,0,1,0,7,106.048162,0
2023-03-05,/product/layer_option.html,러버 세트(LOVER SET),0,1,0,136,29.003584555555555,0
2023-03-05,/product/layer_option.html,리얼0.035 3팩(30p)+아그로포레스트리 핑거돔(10p),0,1,0,87,48.2334845,0
2023-03-05,/product/layer_option.html,마사지 캔들 포레스트 문(80g) - 이브콘돔 공식몰,0,1,0,4,6.291736,0
2023-03-05,/product/layer_option.html,생리팬티&생리컵 세트,0,1,0,0,1.073548,0
2023-03-05,/product/layer_option.html,아그로포레스트리® 이브 핑거돔(18p),0,1,0,19,6.5715,0
2023-03-05,/product/layer_option.html,아그로포레스트리® 이브콘돔 울트라씬(10p),0,1,0,87,44.2359875,0
2023-03-05,/product/layer_option.html,외음부세정제 1&1 세트,0,1,0,2,5.566742,0
2023-03-05,/product/layer_option.html,외음부세정제 액상형(200ml),0,1,0,6,2.947206,0
2023-03-05,/product/layer_option.html,윤활제 1&1 세트(MD루브&인티밋젤),0,1,0,0,0.892599,0
2023-03-05,/product/layer_option.html,이브컵 1&1 세트,0,1,0,0,3.979902,0
2023-03-05,/product/layer_option.html,"이브컵 mini, S, L",0,1,0,3,3.538148,0
2023-03-05,/product/layer_option.html,이브콘돔 리얼 0.035(10p),0,1,0,710,50.762107518518512,0
2023-03-05,/product/layer_option.html,인티밋젤 내추럴(130ml),0,1,0,59,17.9765186,0
2023-03-05,/product/layer_option.html,인티밋젤 라벤더(130ml),0,1,0,44,29.949537666666668,0
2023-03-05,/product/layer_option.html,인티밋젤 휴대용 5ml(30p),0,1,0,29,19.1669105,0
2023-03-05,/product/layer_option.html,체레미 마카 - 이브콘돔의 새로운 이름 | 이브젤·이브컵 증정이벤트 진행중,0,1,0,40,3.068754,0
2023-03-05,/product/layer_option.html,체레미 마카 펨마카 구미,0,1,0,29,27.619535,0
2023-03-05,/product/러버-세트lover-set/243/category/83/display/1/,러버 세트(LOVER SET),0,1,0,5,11.623248,0
2023-03-05,/product/인티밋젤-내추럴130ml/281/category/85/display/1/,인티밋젤 내추럴(130ml),0,1,0,4,37.656503,0
2023-03-05,/protected/loginSns.html,체레미 마카 - 이브콘돔의 새로운 이름 | 이브젤·이브컵 증정이벤트 진행중,0,0.9555555555555556,0.044444444444444446,1957,5.9339684488888889,0.34975369458128081
