date,pagepath,percentScrolled,sessions,screenPageViews,screenPageViewsPerSession
2023-03-06,/,,603,1106,1.834162520729685
2023-03-06,/product/list_thumb.html,,369,1249,3.3848238482384825
2023-03-06,/,90,325,0,0
2023-03-06,/member/login.html,,259,511,1.972972972972973
2023-03-06,/protected/loginSns.html,,248,0,0
2023-03-06,/member/login.html,90,234,0,0
2023-03-06,/product/%EC%9D%B4%EB%B8%8C%EC%BD%98%EB%8F%94-%EB%A6%AC%EC%96%BC-0035/286/category/83/display/1/,,208,315,1.5144230769230769
2023-03-06,/article/blog/8/12516/,,166,181,1.0903614457831325
2023-03-06,/article/blog/8/15716/,,164,186,1.1341463414634145
2023-03-06,/article/blog/8/13117/,,158,167,1.0569620253164558
2023-03-06,/order/orderform.html,,157,275,1.7515923566878981
2023-03-06,/article/blog/8/13286/,,154,169,1.0974025974025974
2023-03-06,/article/blog/8/15165/,,150,158,1.0533333333333332
2023-03-06,/article/blog/8/14208/,,145,149,1.0275862068965518
2023-03-06,/order/orderform.html,90,144,0,0
2023-03-06,/article/blog/8/19839/,,126,137,1.0873015873015872
2023-03-06,/order/basket.html,,122,300,2.459016393442623
2023-03-06,/order/order_result.html,,121,149,1.2314049586776858
2023-03-06,/article/blog/8/19536/,,110,122,1.1090909090909091
2023-03-06,/article/blog/8/12833/,,101,103,1.0198019801980198
2023-03-06,/article/blog/8/15871/,,99,134,1.3535353535353536
2023-03-06,/article/blog/8/12066/,,93,98,1.053763440860215
2023-03-06,/myshop/index.html,,92,201,2.1847826086956523
2023-03-06,/article/blog/8/14576/,,91,95,1.043956043956044
2023-03-06,/order/order_result.html,90,89,0,0
2023-03-06,/article/blog/8/13332/,,88,85,0.96590909090909094
2023-03-06,/article/blog/8/13012/,,86,94,1.0930232558139534
2023-03-06,/coupon/coupon_select.html,,82,47,0.573170731707317
2023-03-06,/article/blog/8/14862/,,72,74,1.0277777777777777
2023-03-06,/article/blog/8/16688/,,70,79,1.1285714285714286
2023-03-06,/myshop/order/list.html,,70,121,1.7285714285714286
2023-03-06,/protected/loginSns.html,90,69,0,0
2023-03-06,/article/blog/8/9719/,,68,72,1.0588235294117647
2023-03-06,/article/blog/8/15959/,,67,78,1.164179104477612
2023-03-06,/product/layer_option.html,,67,0,0
2023-03-06,/category/condom/83/,,66,148,2.2424242424242422
2023-03-06,/product/%EC%9D%B4%EB%B8%8C%EC%BB%B5-mini-s-l/262/category/97/display/1/,,65,89,1.3692307692307693
2023-03-06,/product/%EC%9D%B4%EB%B8%8C%EC%BD%98%EB%8F%94-%EB%A6%AC%EC%96%BC-0035/286/category/83/display/1/,90,64,0,0
2023-03-06,/article/blog/8/19423/categoryno/1/,,62,66,1.064516129032258
2023-03-06,/article/blog/8/9799/,,59,59,1
2023-03-06,/article/blog/8/16499/,,58,57,0.98275862068965514
2023-03-06,/product/list_thumb.html,90,57,0,0
2023-03-06,/myshop/coupon/coupon.html,,51,132,2.5882352941176472
2023-03-06,/product/%EC%9D%B8%ED%8B%B0%EB%B0%8B%EC%A0%A4-%EB%82%B4%EC%B6%94%EB%9F%B4130ml/281/category/85/display/1/,,51,75,1.4705882352941178
2023-03-06,/article/blog/8/15165/page/7/,,50,54,1.08
2023-03-06,/article/notice/1/27587/,,50,60,1.2
2023-03-06,/article/blog/8/14133/,,48,51,1.0625
2023-03-06,/product/%EC%95%84%EA%B7%B8%EB%A1%9C%ED%8F%AC%EB%A0%88%EC%8A%A4%ED%8A%B8%EB%A6%AC%C2%AE-%EC%9D%B4%EB%B8%8C-%ED%95%91%EA%B1%B0%EB%8F%94/264/category/83/display/1/,,48,63,1.3125
2023-03-06,/product/%EC%95%84%EA%B7%B8%EB%A1%9C%ED%8F%AC%EB%A0%88%EC%8A%A4%ED%8A%B8%EB%A6%AC%C2%AE-%EC%9D%B4%EB%B8%8C%EC%BD%98%EB%8F%94-%EC%9A%B8%ED%8A%B8%EB%9D%BC%EC%94%AC/278/category/83/display/1/,,46,63,1.3695652173913044
2023-03-06,/article/blog/8/15399/,,44,47,1.0681818181818181
2023-03-06,/intro/adult_im.html,,44,81,1.8409090909090908
2023-03-06,/article/blog/8/12220/,,43,46,1.069767441860465
2023-03-06,/article/blog/8/15786/,,43,45,1.0465116279069768
2023-03-06,/coupon/coupon_select.html,90,43,0,0
2023-03-06,/article/blog/8/15262/,,42,45,1.0714285714285714
2023-03-06,/index.html,,41,68,1.6585365853658536
2023-03-06,/article/blog/8/13736/,,39,42,1.0769230769230769
2023-03-06,/order/basket.html,90,39,0,0
2023-03-06,/intro/adult_im.html,90,37,0,0
2023-03-06,/article/blog/8/14046/,,34,35,1.0294117647058822
2023-03-06,/product/%EC%9D%B8%ED%8B%B0%EB%B0%8B%EC%A0%A4-%EB%B0%B1%EB%8F%84%EC%96%B4130ml/517/category/85/display/1/,,33,43,1.303030303030303
2023-03-06,/member/join_result.html,,32,32,1
2023-03-06,/article/blog/8/14766/,,31,33,1.064516129032258
2023-03-06,/board/recruit/all.html,,30,33,1.1
2023-03-06,/product/search.html,,30,48,1.6
2023-03-06,/article/blog/8/9597/page/17/,,29,33,1.1379310344827587
2023-03-06,/product/%EB%9F%AC%EB%B2%84-%EC%84%B8%ED%8A%B8lover-set/243/category/83/display/1/,,29,41,1.4137931034482758
2023-03-06,/product/%EC%9D%B8%ED%8B%B0%EB%B0%8B%EC%A0%A4-%EB%82%B4%EC%B6%94%EB%9F%B4130ml/281/category/85/display/1/,90,29,0,0
2023-03-06,/article/blog/8/13333/,,28,32,1.1428571428571428
2023-03-06,/article/blog/8/13863/,,28,28,1
2023-03-06,/product/%EC%9D%B4%EB%B8%8C%EC%BD%98%EB%8F%94-%EB%9D%BC%EC%A7%80/270/category/83/display/1/,,27,42,1.5555555555555556
2023-03-06,/member/join_result.html,90,26,0,0
2023-03-06,/product/%EC%9D%B4%EB%B8%8C%EC%BD%98%EB%8F%94-%EC%8A%AC%EB%A6%BC/275/category/83/display/1/,,26,41,1.5769230769230769
2023-03-06,/article/blog/8/14495/,,25,27,1.08
2023-03-06,/blog/srhr.html,,25,99,3.96
2023-03-06,/category/jel/85/,,25,44,1.76
2023-03-06,/article/blog/8/57/,,24,23,0.95833333333333337
2023-03-06,/category/shop/24/,,24,38,1.5833333333333333
2023-03-06,/article/blog/8/19592/,,23,24,1.0434782608695652
2023-03-06,/article/blog/8/4642/,,23,24,1.0434782608695652
2023-03-06,/category/play/131,,23,23,1
2023-03-06,/product/md%EB%A3%A8%EB%B8%8C-%EC%8B%A4%EB%A6%AC%EC%BD%98100ml/242/category/85/display/1/,,23,31,1.3478260869565217
2023-03-06,/index.html,90,22,0,0
2023-03-06,/product/%EB%9F%AC%EB%B2%84-%EC%84%B8%ED%8A%B8lover-set/243/category/85/display/1/,,22,33,1.5
2023-03-06,/article/blog/8/13972/,,21,20,0.95238095238095233
2023-03-06,/article/blog/8/16211/,,21,24,1.1428571428571428
2023-03-06,/article/blog/8/16865/,,21,21,1
2023-03-06,/article/blog/8/25900/,,21,21,1
2023-03-06,/article/blog/8/26682/,,21,22,1.0476190476190477
2023-03-06,/board/free/list.html,,21,56,2.6666666666666665
2023-03-06,/brand.html,,21,29,1.3809523809523809
2023-03-06,/member/join.html,,21,23,1.0952380952380953
2023-03-06,/product/%EC%95%84%EA%B7%B8%EB%A1%9C%ED%8F%AC%EB%A0%88%EC%8A%A4%ED%8A%B8%EB%A6%AC%C2%AE-%EC%9D%B4%EB%B8%8C%EC%BD%98%EB%8F%94-%EB%8F%84%ED%8B%B0%EB%93%9C/267/category/83/display/1/,,21,26,1.2380952380952381
2023-03-06,/product/%EC%9D%B4%EB%B8%8C%EC%BB%B5-mini-s-l/262/category/97/display/1/,90,21,0,0
2023-03-06,/article/blog/8/15959/categoryno/1/,,20,23,1.15
2023-03-06,/article/blog/8/25598/,,20,22,1.1
2023-03-06,/board/blog/srhr.html,,20,81,4.05
2023-03-06,/product/%EC%9D%B8%ED%8B%B0%EB%B0%8B%EC%A0%A4-%ED%9C%B4%EB%8C%80%EC%9A%A9-5ml/282/category/85/display/1/,,20,31,1.55
2023-03-06,/article/blog/8/10059/,,19,19,1
2023-03-06,/category/play/121/,,19,33,1.736842105263158
2023-03-06,/product/layer_option.html,90,19,0,0
2023-03-06,/article/blog/8/15871/,90,18,0,0
2023-03-06,/article/blog/8/19536/,90,18,0,0
2023-03-06,/product/%EC%95%84%EA%B7%B8%EB%A1%9C%ED%8F%AC%EB%A0%88%EC%8A%A4%ED%8A%B8%EB%A6%AC%C2%AE-%EC%9D%B4%EB%B8%8C-%ED%95%91%EA%B1%B0%EB%8F%94/264/category/83/display/1/,90,18,0,0
2023-03-06,/article/blog/8/163/,,17,18,1.0588235294117647
2023-03-06,/article/blog/8/19839/categoryno/1/,,17,17,1
2023-03-06,/member/id/find_id.html,,17,26,1.5294117647058822
2023-03-06,/product/detail.html,,17,24,1.411764705882353
2023-03-06,/article/blog/8/13116/,,16,39,2.4375
2023-03-06,/article/blog/8/26521/,,16,20,1.25
2023-03-06,/product/%EB%A6%AC%EC%96%BC0035-2%ED%8C%A920p%EC%95%84%EA%B7%B8%EB%A1%9C%ED%8F%AC%EB%A0%88%EC%8A%A4%ED%8A%B8%EB%A6%AC-%ED%95%91%EA%B1%B0%EB%8F%9418p/314/category/83/display/1/,,16,20,1.25
2023-03-06,/product/%EC%9D%B8%ED%8B%B0%EB%B0%8B%EC%A0%A4-%EB%B0%B1%EB%8F%84%EC%96%B4130ml/517/category/85/display/1/,90,16,0,0
2023-03-06,/article/blog/8/14652/,,15,16,1.0666666666666667
2023-03-06,/myshop/order/detail.html,,15,23,1.5333333333333334
2023-03-06,/product/%EB%A7%88%EC%82%AC%EC%A7%80-%EC%BA%94%EB%93%A4-%ED%8F%AC%EB%A0%88%EC%8A%A4%ED%8A%B8-%EB%AC%B880g/516/category/121/display/1/,,15,20,1.3333333333333333
2023-03-06,/product/%EC%9D%B4%EB%B8%8C%EC%BD%98%EB%8F%94-3%EC%A2%85-%EC%84%B8%ED%8A%B8/266/category/83/display/1/,,15,19,1.2666666666666666
2023-03-06,/article/blog/8/11456/,,14,14,1
2023-03-06,/article/blog/8/59/,,14,13,0.9285714285714286
2023-03-06,/article/blog/8/9597/,,14,14,1
2023-03-06,/board/blog/all.html,,14,44,3.1428571428571428
2023-03-06,/category/feminine-wash/89/,,14,19,1.3571428571428572
2023-03-06,/member/agreement.html,,14,17,1.2142857142857142
2023-03-06,/myshop/index.html,90,14,0,0
2023-03-06,/product/%EC%95%84%EA%B7%B8%EB%A1%9C%ED%8F%AC%EB%A0%88%EC%8A%A4%ED%8A%B8%EB%A6%AC%C2%AE-%EC%9D%B4%EB%B8%8C%EC%BD%98%EB%8F%94-%EC%9A%B8%ED%8A%B8%EB%9D%BC%EC%94%AC/278/category/83/display/1/,90,14,0,0
2023-03-06,/product/%EC%9D%B8%ED%8B%B0%EB%B0%8B%EC%A0%A4-%EB%9D%BC%EB%B2%A4%EB%8D%94130ml/283/category/85/display/1/,,14,19,1.3571428571428572
2023-03-06,/product/image_zoom.html,,14,15,1.0714285714285714
2023-03-06,/product/image_zoom.html,90,14,0,0
2023-03-06,/article/blog/8/15871/categoryno/1/,,13,15,1.1538461538461537
2023-03-06,/article/blog/8/19762/,,13,15,1.1538461538461537
2023-03-06,/member/join.html,90,13,0,0
2023-03-06,/product/cheremimaka/243,,13,18,1.3846153846153846
2023-03-06,/article/blog/8/11097/,,12,12,1
2023-03-06,/article/blog/8/19423/,,12,13,1.0833333333333333
2023-03-06,/blog/all.html,,12,53,4.416666666666667
2023-03-06,/board/faq/list.html,,12,48,4
2023-03-06,/category/play/131/,,12,14,1.1666666666666667
2023-03-06,/member/modify.html,,12,22,1.8333333333333333
2023-03-06,/myshop/order/list.html,90,12,0,0
2023-03-06,/order/ec_orderform/popup/safePhone.html,,12,12,1
2023-03-06,/product/%EB%9F%AC%EB%B2%84-%EC%84%B8%ED%8A%B8lover-set/243/category/83/display/1/,90,12,0,0
2023-03-06,/product/%EC%9D%B8%ED%8B%B0%EB%B0%8B%EC%A0%A4-%EB%B0%B1%EB%8F%84%EC%96%B4130ml/517/category/121/display/1/,,12,14,1.1666666666666667
2023-03-06,/product/%ED%8E%A8%EB%A7%88%EC%B9%B4-%EA%B5%AC%EB%AF%B863g/519/category/131/display/1/,,12,13,1.0833333333333333
2023-03-06,/member/passwd/find_passwd_info.html,,11,16,1.4545454545454546
2023-03-06,/order/ec_orderform/popup/safePhone.html,90,11,0,0
2023-03-06,/article/blog/8/15716/,90,10,0,0
2023-03-06,/article/blog/8/19839/,90,10,0,0
2023-03-06,/article/blog/8/9598/,,10,9,0.9
2023-03-06,/article/blog/8/9598//,,10,8,0.8
2023-03-06,/category/evecup/97/,,10,12,1.2
2023-03-06,/member/agreement.html,90,10,0,0
2023-03-06,/member/id/find_id_result.html,,10,16,1.6
2023-03-06,/myshop/coupon/coupon.html,90,10,0,0
2023-03-06,/product/%EB%A6%AC%EC%96%BC0035-3%ED%8C%A930p%EC%95%84%EA%B7%B8%EB%A1%9C%ED%8F%AC%EB%A0%88%EC%8A%A4%ED%8A%B8%EB%A6%AC-%EB%8F%84%ED%8B%B0%EB%93%9C10p/316/category/83/display/1/,,10,14,1.4
2023-03-06,/product/%EB%A6%AC%EC%96%BC0035-3%ED%8C%A930p%EC%95%84%EA%B7%B8%EB%A1%9C%ED%8F%AC%EB%A0%88%EC%8A%A4%ED%8A%B8%EB%A6%AC-%EC%9A%B8%ED%8A%B8%EB%9D%BC%EC%94%AC10p/315/category/83/display/1/,,10,15,1.5
2023-03-06,/product/md%EB%A3%A8%EB%B8%8C-%EC%8B%A4%EB%A6%AC%EC%BD%98100ml/242/category/85/display/1/,90,10,0,0
2023-03-06,/article/blog/8/10149/,,9,12,1.3333333333333333
2023-03-06,/article/blog/8/12516/,90,9,0,0
2023-03-06,/article/blog/8/15786/page/1/,,9,9,1
2023-03-06,/article/blog/8/26578/,,9,10,1.1111111111111112
2023-03-06,/member/check_password.html,,9,15,1.6666666666666667
2023-03-06,/product/%EC%9D%B4%EB%B8%8C%EC%BD%98%EB%8F%94-%EC%8A%AC%EB%A6%BC/275/category/83/display/1/,90,9,0,0
2023-03-06,/article/blog/8/26730/,,8,9,1.125
2023-03-06,/article/notice/1/27587/,90,8,0,0
2023-03-06,/board/blog/8/,,8,35,4.375
2023-03-06,/category/pad/96/,,8,12,1.5
2023-03-06,/category/panty/98/,,8,13,1.625
2023-03-06,/member/change_passwd.html,,8,9,1.125
2023-03-06,/member/mapping_join.html,,8,12,1.5
2023-03-06,/member/passwd/find_passwd_method.html,,8,8,1
2023-03-06,/member/passwd/find_passwd_result.html,,8,8,1
2023-03-06,/myshop/mileage/historyList.html,,8,12,1.5
2023-03-06,/product/%EC%95%84%EA%B7%B8%EB%A1%9C%ED%8F%AC%EB%A0%88%EC%8A%A4%ED%8A%B8%EB%A6%AC%C2%AE-%EC%9D%B4%EB%B8%8C%EC%BD%98%EB%8F%94-%EB%8F%84%ED%8B%B0%EB%93%9C/267/category/83/display/1/,90,8,0,0
2023-03-06,/product/%EC%99%B8%EC%9D%8C%EB%B6%80%EC%84%B8%EC%A0%95%EC%A0%9C-%EC%95%A1%EC%83%81%ED%98%95200ml/260/category/89/display/1/,,8,12,1.5
2023-03-06,/product/%EC%9D%B4%EB%B8%8C%EC%BD%98%EB%8F%94-%EB%A6%AC%EC%96%BC-0035/286/category/24/display/1/,,8,13,1.625
2023-03-06,/product/%EC%9D%B8%ED%8B%B0%EB%B0%8B%EC%A0%A4-%ED%9C%B4%EB%8C%80%EC%9A%A9-5ml/282/category/85/display/1/,90,8,0,0
2023-03-06,/srhr/srhrcampaign.html,,8,10,1.25
2023-03-06,/article/blog/8/13117/page/7/,,7,6,0.8571428571428571
2023-03-06,/article/blog/8/13332/page/7/,,7,7,1
2023-03-06,/article/blog/8/15262/page/1/,,7,8,1.1428571428571428
2023-03-06,/article/blog/8/15716/categoryno/1/,,7,7,1
2023-03-06,/article/blog/8/15959/,90,7,0,0
2023-03-06,/board/free/list.html,90,7,0,0
2023-03-06,/brand/offline-store.html,,7,8,1.1428571428571428
2023-03-06,/category/gel/85/,,7,8,1.1428571428571428
2023-03-06,/product/%EC%9D%B8%ED%8B%B0%EB%B0%8B%EC%A0%A4md%EB%A3%A8%EB%B8%8C-114%EC%A2%85-%ED%83%9D2/261/category/85/display/1/,,7,9,1.2857142857142858
2023-03-06,/product/list.html,,7,7,1
2023-03-06,/article/blog/8/10313/,,6,6,1
2023-03-06,/article/blog/8/11815/page/7/,,6,6,1
2023-03-06,/article/blog/8/14208/,90,6,0,0
2023-03-06,/article/blog/8/14576/,90,6,0,0
2023-03-06,/article/blog/8/14939/,,6,7,1.1666666666666667
2023-03-06,/article/blog/8/14996/,,6,7,1.1666666666666667
2023-03-06,/article/blog/8/16053/,,6,6,1
2023-03-06,/article/blog/8/16329/categoryno/1/,,6,6,1
2023-03-06,/blog/aboutcheremi.html,,6,12,2
2023-03-06,/brand.html,90,6,0,0
2023-03-06,/brand/organizationalculture.html,,6,9,1.5
2023-03-06,/category/condom/83/,90,6,0,0
2023-03-06,/product/%EB%A7%88%EC%82%AC%EC%A7%80-%EC%BA%94%EB%93%A4-%ED%8F%AC%EB%A0%88%EC%8A%A4%ED%8A%B8-%EB%AC%B880g/516/category/121/display/1/,90,6,0,0
2023-03-06,/product/%EC%99%B8%EC%9D%8C%EB%B6%80%EC%84%B8%EC%A0%95%EC%A0%9C-%EA%B1%B0%ED%92%88%ED%98%95150ml/259/category/89/display/1/,,6,6,1
2023-03-06,/promotion/index.html,,6,5,0.83333333333333337
2023-03-06,/srhr/youth-condoms-support.html,,6,7,1.1666666666666667
2023-03-06,/article/blog/8/12066/page/2/,,5,5,1
2023-03-06,/article/blog/8/14133/,90,5,0,0
2023-03-06,/article/blog/8/166/,,5,5,1
2023-03-06,/article/blog/8/25598/,90,5,0,0
2023-03-06,/article/notice/1/25878/,,5,6,1.2
2023-03-06,/brand/leadershipprinciples.html,,5,4,0.8
2023-03-06,/product/%EC%9D%B4%EB%B8%8C%EC%BD%98%EB%8F%94-%EB%9D%BC%EC%A7%80/270/category/83/display/1/,90,5,0,0
2023-03-06,/product/%EC%9D%B4%EB%B8%8C%EC%BD%98%EB%8F%94-%EB%A6%AC%EC%96%BC-003510p/286/category/83/display/1/,,5,5,1
2023-03-06,/product/%EC%9D%B8%ED%8B%B0%EB%B0%8B%EC%A0%A4-%EB%B0%B1%EB%8F%84%EC%96%B4130ml/517/category/121/display/1/,90,5,0,0
2023-03-06,/product/%ED%8E%A8%EB%A7%88%EC%B9%B4-%EA%B5%AC%EB%AF%B863g/519/category/131/display/1/,90,5,0,0
2023-03-06,/product/basket_option.html,,5,0,0
2023-03-06,/product/cheremimaka/286,,5,5,1
2023-03-06,/product/valentine/286,,5,5,1
2023-03-06,/srhr/one-percent-for-srhr.html,,5,6,1.2
2023-03-06,/sustainability/long-term-goal.html,,5,8,1.6
2023-03-06,/article/blog/8/13012/page/3/,,4,5,1.25
2023-03-06,/article/blog/8/13545/page/4/,,4,4,1
2023-03-06,/article/blog/8/14046/page/2/,,4,4,1
2023-03-06,/article/blog/8/14495/page/2/categoryno/1/,,4,5,1.25
2023-03-06,/article/blog/8/14862/,90,4,0,0
2023-03-06,/article/blog/8/15078/,,4,4,1
2023-03-06,/article/blog/8/15165/,90,4,0,0
2023-03-06,/article/blog/8/15871/categoryno/1/,90,4,0,0
2023-03-06,/article/blog/8/16329/,,4,4,1
2023-03-06,/article/blog/8/19423/categoryno/1/,90,4,0,0
2023-03-06,/article/blog/8/19536/page/1/,,4,4,1
2023-03-06,/article/blog/8/26143/categoryno/1/,,4,4,1
2023-03-06,/article/blog/8/9719/,90,4,0,0
2023-03-06,/article/notice/1/27626/,,4,5,1.25
2023-03-06,/article/review/4/19042/,,4,5,1.25
2023-03-06,/board/recruit/bdd.html,,4,6,1.5
2023-03-06,/board/recruit/smpt.html,,4,4,1
2023-03-06,/brand/offline-store.html,90,4,0,0
2023-03-06,/intro/adult_certification.html,,4,3,0.75
2023-03-06,/myshop/order/cancel.html,,4,6,1.5
2023-03-06,/product/%EB%9F%AC%EB%B2%84-%EC%84%B8%ED%8A%B8lover-set/243/category/85/display/1/,90,4,0,0
2023-03-06,/product/%EC%83%9D%EB%A6%AC%ED%8C%AC%ED%8B%B0-%EB%9D%BC%EC%9D%B4%ED%8A%B8/247/category/98/display/1/,,4,4,1
2023-03-06,/product/%EC%83%9D%EB%A6%AC%ED%8C%AC%ED%8B%B0-11-%EC%84%B8%ED%8A%B8/250/category/98/display/1/,,4,5,1.25
2023-03-06,/product/%EC%9D%B4%EB%B8%8C%EC%BB%B5-11-%EC%84%B8%ED%8A%B8/263/category/97/display/1/,,4,4,1
2023-03-06,/product/%EC%9D%B4%EB%B8%8C%EC%BD%98%EB%8F%94-%EB%9D%BC%EC%A7%8010p/270/,,4,6,1.5
2023-03-06,/product/%EC%9D%B8%ED%8B%B0%EB%B0%8B%EC%A0%A4-%EB%9D%BC%EB%B2%A4%EB%8D%94130ml/283/category/85/display/1/,90,4,0,0
2023-03-06,/product/cheremimaka/243,90,4,0,0
2023-03-06,/product/detail.html,90,4,0,0
2023-03-06,/promotion/wintersale.html,,4,5,1.25
2023-03-06,/sustainability/sustainable-environmental.html,,4,4,1
2023-03-06,/article/blog/8/11264/,,3,3,1
2023-03-06,/article/blog/8/12066/,90,3,0,0
2023-03-06,/article/blog/8/12066/page/3/categoryno/1/,,3,3,1
2023-03-06,/article/blog/8/13012/,90,3,0,0
2023-03-06,/article/blog/8/13117/,90,3,0,0
2023-03-06,/article/blog/8/13333/page/7/,,3,3,1
2023-03-06,/article/blog/8/13545/page/6/,,3,3,1
2023-03-06,/article/blog/8/14133/page/1/,,3,3,1
2023-03-06,/article/blog/8/14862/page/1/,,3,3,1
2023-03-06,/article/blog/8/15165/page/7/,90,3,0,0
2023-03-06,/article/blog/8/15786/,90,3,0,0
2023-03-06,/article/blog/8/15871/page/1/categoryno/1/,,3,3,1
2023-03-06,/article/blog/8/19423/page/1/,,3,38,12.666666666666666
2023-03-06,/article/blog/8/19592/categoryno/1/,,3,3,1
2023-03-06,/article/blog/8/19762/,90,3,0,0
2023-03-06,/article/blog/8/26143/,,3,3,1
2023-03-06,/article/blog/8/26143/page/2/,,3,3,1
2023-03-06,/article/blog/8/26682/categoryno/1/,,3,3,1
2023-03-06,/article/blog/8/26940/,,3,5,1.6666666666666667
2023-03-06,/article/blog/8/27178/,,3,4,1.3333333333333333
2023-03-06,/article/blog/8/5538/,,3,3,1
2023-03-06,/article/blog/8/7786/,,3,3,1
2023-03-06,/article/notice/1/27462/,,3,3,1
2023-03-06,/article/notice/1/27657/,,3,4,1.3333333333333333
2023-03-06,/blog/srhr.html,90,3,0,0
2023-03-06,/blog/sustainability.html,,3,5,1.6666666666666667
2023-03-06,/board/blog/8/,90,3,0,0
2023-03-06,/board/blog/srhr.html,90,3,0,0
2023-03-06,/board/free/read.html,,3,3,1
2023-03-06,/board/recruit/gnod.html,,3,3,1
2023-03-06,/brand/mission.html,,3,3,1
2023-03-06,/brand/mission.html,90,3,0,0
2023-03-06,/category/sale/54/,,3,3,1
2023-03-06,/intro/adult_certification.html,90,3,0,0
2023-03-06,/member/id/find_id_result.html,90,3,0,0
2023-03-06,/member/modify.html,90,3,0,0
2023-03-06,/myshop/mileage/couponList.html,,3,2,0.66666666666666663
2023-03-06,/myshop/order/detail.html,90,3,0,0
2023-03-06,/product/%EB%9F%AC%EB%B2%84-%EC%84%B8%ED%8A%B8lover-set/243/category/24/display/1/,,3,3,1
2023-03-06,/product/%EB%A9%80%ED%8B%B0%EC%BC%80%EC%96%B4-%EC%84%B8%ED%8A%B8/523/category/131/display/1/,,3,2,0.66666666666666663
2023-03-06,/product/%EC%83%9D%EB%A6%AC%ED%8C%AC%ED%8B%B0-%EC%98%A4%EB%B2%84%EB%82%98%EC%9D%B4%ED%8A%B8/285/category/98/display/1/,,3,2,0.66666666666666663
2023-03-06,/product/%EC%86%8C%EB%8F%85%EC%BB%B5/249/category/97/display/1/,,3,3,1
2023-03-06,/product/%EC%99%B8%EC%9D%8C%EB%B6%80%EC%84%B8%EC%A0%95%EC%A0%9C-%EA%B1%B0%ED%92%88%ED%98%95150ml/259/category/89/display/1/,90,3,0,0
2023-03-06,/product/%EC%99%B8%EC%9D%8C%EB%B6%80%EC%84%B8%EC%A0%95%EC%A0%9C-%EC%95%A1%EC%83%81%ED%98%95200ml/260/category/89/display/1/,90,3,0,0
2023-03-06,/product/%ED%8E%A8%EA%B0%90%EB%A7%88%EB%A6%AC%EB%86%80%EB%A0%8C%EC%82%B0-%EB%A6%AC%ED%80%B4%EB%93%9C14%ED%8F%AC/520/category/131/display/1/,,3,3,1
2023-03-06,/product/%ED%8E%A8%EB%A7%88%EC%B9%B4-%EA%B5%AC%EB%AF%B863g/519/category/24/display/1/,,3,3,1
2023-03-06,/product/cheremimaka/262,,3,3,1
2023-03-06,/product/list.html,90,3,0,0
2023-03-06,/srhr/my_abortion.html,,3,3,1
2023-03-06,/sustainability/agroforestry.html,,3,3,1
2023-03-06,/article/blog/8/10756/,,2,2,1
2023-03-06,/article/blog/8/11456/,90,2,0,0
2023-03-06,/article/blog/8/11815/,,2,2,1
2023-03-06,/article/blog/8/12220/,90,2,0,0
2023-03-06,/article/blog/8/12220/page/7/%E2%80%8B,,2,4,2
2023-03-06,/article/blog/8/12566/,,2,4,2
2023-03-06,/article/blog/8/12833/page/3/,,2,2,1
2023-03-06,/article/blog/8/13116/)%EB%A5%BC,,2,2,1
2023-03-06,/article/blog/8/13117/page/3/categoryno/1/,,2,2,1
2023-03-06,/article/blog/8/13286/,90,2,0,0
2023-03-06,/article/blog/8/13286/page/7/,,2,2,1
2023-03-06,/article/blog/8/13545/,,2,1,0.5
2023-03-06,/article/blog/8/13736/,90,2,0,0
2023-03-06,/article/blog/8/13863/,90,2,0,0
2023-03-06,/article/blog/8/13972/page/1/%E2%80%8B,,2,2,1
2023-03-06,/article/blog/8/13972/page/3/categoryno/1/,,2,2,1
2023-03-06,/article/blog/8/14376/,,2,3,1.5
2023-03-06,/article/blog/8/14389/page/6/,,2,2,1
2023-03-06,/article/blog/8/14495/,90,2,0,0
2023-03-06,/article/blog/8/14576/page/5/,,2,2,1
2023-03-06,/article/blog/8/14652/,90,2,0,0
2023-03-06,/article/blog/8/14766/,90,2,0,0
2023-03-06,/article/blog/8/15165/page/1/,,2,2,1
2023-03-06,/article/blog/8/15262/,90,2,0,0
2023-03-06,/article/blog/8/15262/page/7/categoryno/1/,,2,2,1
2023-03-06,/article/blog/8/15399/,90,2,0,0
2023-03-06,/article/blog/8/15399/categoryno/1/,,2,2,1
2023-03-06,/article/blog/8/15399/page/1/categoryno/1/,,2,6,3
2023-03-06,/article/blog/8/15716/page/5/,,2,2,1
2023-03-06,/article/blog/8/15786/page/2/categoryno/1/,,2,2,1
2023-03-06,/article/blog/8/15786/page/5/,,2,2,1
2023-03-06,/article/blog/8/15871/page/1/,,2,2,1
2023-03-06,/article/blog/8/15871/page/2/categoryno/1/,,2,2,1
2023-03-06,/article/blog/8/15959/categoryno/1/,90,2,0,0
2023-03-06,/article/blog/8/15959/page/5/categoryno/1/,,2,3,1.5
2023-03-06,/article/blog/8/16053/page/4/%E2%80%8B,,2,3,1.5
2023-03-06,/article/blog/8/16211/page/4/,,2,2,1
2023-03-06,/article/blog/8/16211/page/5/categoryno/1/,,2,2,1
2023-03-06,/article/blog/8/16499/page/2/categoryno/1/,,2,2,1
2023-03-06,/article/blog/8/16499/page/3/,,2,2,1
2023-03-06,/article/blog/8/16688/categoryno/1/,,2,2,1
2023-03-06,/article/blog/8/19592/page/4/categoryno/1/,,2,2,1
2023-03-06,/article/blog/8/19762/categoryno/1/,,2,2,1
2023-03-06,/article/blog/8/19762/page/2/,,2,2,1
2023-03-06,/article/blog/8/19762/page/3/,,2,2,1
2023-03-06,/article/blog/8/25900/,90,2,0,0
2023-03-06,/article/blog/8/25900/categoryno/1/,,2,2,1
2023-03-06,/article/blog/8/25900/page/1/categoryno/1/,,2,2,1
2023-03-06,/article/blog/8/26521/categoryno/1/,,2,3,1.5
2023-03-06,/article/blog/8/26543/,,2,4,2
2023-03-06,/article/blog/8/26543/,90,2,0,0
2023-03-06,/article/blog/8/26543/page/2/categoryno/1/,,2,2,1
2023-03-06,/article/blog/8/26578/categoryno/1/,,2,2,1
2023-03-06,/article/blog/8/26682/page/1/,,2,2,1
2023-03-06,/article/blog/8/26730/categoryno/1/,,2,2,1
2023-03-06,/article/blog/8/7236/,,2,2,1
2023-03-06,/article/blog/8/9719/page/1/,,2,2,1
2023-03-06,/article/blog/8/9719/page/3/,,2,2,1
2023-03-06,/article/blog/8/9799/,90,2,0,0
2023-03-06,/article/notice/1/24888/,,2,2,1
2023-03-06,/article/notice/1/26054/,,2,4,2
2023-03-06,/article/notice/1/26396/,,2,3,1.5
2023-03-06,/article/notice/1/26397/,,2,2,1
2023-03-06,/article/review/4/26991/,,2,2,1
2023-03-06,/board/faq/list.html,90,2,0,0
2023-03-06,/board/index.html,,2,2,1
2023-03-06,/board/product/read.html,,2,4,2
2023-03-06,/board/recruit/all.html,90,2,0,0
2023-03-06,/board/recruit/dnrd.html,,2,5,2.5
2023-03-06,/brand/organizationalculture.html,90,2,0,0
2023-03-06,/category/%EC%BD%98%EB%8F%94/83/,,2,2,1
2023-03-06,/category/play/131,90,2,0,0
2023-03-06,/category/sale/54/,90,2,0,0
2023-03-06,/category/shop/24/,90,2,0,0
2023-03-06,/member/id/find_id.html,90,2,0,0
2023-03-06,/member/passwd/find_passwd_info.html,90,2,0,0
2023-03-06,/myshop/addr/list.html,,2,4,2
2023-03-06,/myshop/board_list.html,,2,2,1
2023-03-06,/myshop/deposits/historyList.html,,2,3,1.5
2023-03-06,/myshop/mileage/historyList.html,90,2,0,0
2023-03-06,/myshop/mileage/mileageList.html,,2,2,1
2023-03-06,/product/%EB%A6%AC%EC%96%BC0035-2%ED%8C%A920p%EC%95%84%EA%B7%B8%EB%A1%9C%ED%8F%AC%EB%A0%88%EC%8A%A4%ED%8A%B8%EB%A6%AC-%ED%95%91%EA%B1%B0%EB%8F%9418p/314/category/24/display/1/,,2,2,1
2023-03-06,/product/%EB%A6%AC%EC%96%BC0035-3%ED%8C%A930p%EC%95%84%EA%B7%B8%EB%A1%9C%ED%8F%AC%EB%A0%88%EC%8A%A4%ED%8A%B8%EB%A6%AC-%EC%9A%B8%ED%8A%B8%EB%9D%BC%EC%94%AC10p/315/category/83/,,2,2,1
2023-03-06,/product/%EB%A6%AC%EC%96%BC0035-3%ED%8C%A930p%EC%95%84%EA%B7%B8%EB%A1%9C%ED%8F%AC%EB%A0%88%EC%8A%A4%ED%8A%B8%EB%A6%AC-%EC%9A%B8%ED%8A%B8%EB%9D%BC%EC%94%AC10p/315/category/83/display/1/,90,2,0,0
2023-03-06,/product/%EB%A7%88%EC%82%AC%EC%A7%80-%EC%BA%94%EB%93%A4-%ED%8F%AC%EB%A0%88%EC%8A%A4%ED%8A%B8-%EB%AC%B880g/516/category/120/display/1/,,2,2,1
2023-03-06,/product/%EC%83%9D%EB%A6%AC%ED%8C%AC%ED%8B%B0-%EC%8B%9C%EC%9E%91-%EC%84%B8%ED%8A%B8/244/category/98/display/1/,,2,3,1.5
2023-03-06,/product/%EC%83%9D%EB%A6%AC%ED%8C%AC%ED%8B%B0-%EC%8B%9C%EC%9E%91-%EC%84%B8%ED%8A%B8/244/category/98/display/1/,90,2,0,0
2023-03-06,/product/%EC%95%84%EA%B7%B8%EB%A1%9C%ED%8F%AC%EB%A0%88%EC%8A%A4%ED%8A%B8%EB%A6%AC%C2%AE-%EC%9D%B4%EB%B8%8C%EC%BD%98%EB%8F%94-%EC%9A%B8%ED%8A%B8%EB%9D%BC%EC%94%AC/278/category/24/display/1/,,2,2,1
2023-03-06,/product/%EC%95%84%EA%B7%B8%EB%A1%9C%ED%8F%AC%EB%A0%88%EC%8A%A4%ED%8A%B8%EB%A6%AC%C2%AE-%EC%9D%B4%EB%B8%8C-%ED%95%91%EA%B1%B0%EB%8F%94/264/category/24/display/1/,,2,3,1.5
2023-03-06,/product/%EC%99%B8%EC%9D%8C%EB%B6%80%EC%84%B8%EC%A0%95%EC%A0%9C-11-%EC%84%B8%ED%8A%B8/258/category/89/display/1/,,2,5,2.5
2023-03-06,/product/%EC%9C%A0%EA%B8%B0%EB%86%8D-%EC%88%9C%EB%A9%B4%EC%BB%A4%EB%B2%84-%EC%83%9D%EB%A6%AC%EB%8C%80-%EC%A4%91%ED%98%9514%EA%B0%9C%EC%9E%85/255/category/96/display/1/,,2,3,1.5
2023-03-06,/product/%EC%9C%A0%EA%B8%B0%EB%86%8D-%EC%88%9C%EB%A9%B4%EC%BB%A4%EB%B2%84-%EC%83%9D%EB%A6%AC%EB%8C%80-%EC%A4%91%ED%98%9514%EA%B0%9C%EC%9E%85/255/category/96/display/1/,90,2,0,0
2023-03-06,/product/%EC%9D%B4%EB%B8%8C%EC%BB%B5-11-%EC%84%B8%ED%8A%B8/263/category/97/display/1/,90,2,0,0
2023-03-06,/product/%EC%9D%B4%EB%B8%8C%EC%BD%98%EB%8F%94-%EB%9D%BC%EC%A7%8010p/270/category/83/display/1/,,2,2,1
2023-03-06,/product/%EC%9D%B4%EB%B8%8C%EC%BD%98%EB%8F%94-%EB%9D%BC%EC%A7%8010p/270/category/83/display/1/,90,2,0,0
2023-03-06,/product/%EC%9D%B4%EB%B8%8C%EC%BD%98%EB%8F%94-%EB%A6%AC%EC%96%BC-0035/286/category/1/display/9/,,2,2,1
2023-03-06,/product/%EC%9D%B4%EB%B8%8C%EC%BD%98%EB%8F%94-%EB%A6%AC%EC%96%BC-0035/286/category/83/,,2,2,1
2023-03-06,/product/%EC%9D%B4%EB%B8%8C%EC%BD%98%EB%8F%94-%EB%A6%AC%EC%96%BC-003510p/286/,,2,2,1
2023-03-06,/product/%EC%9D%B4%EB%B8%8C%EC%BD%98%EB%8F%94-3%EC%A2%85-%EC%84%B8%ED%8A%B8/266/category/83/display/1/,90,2,0,0
2023-03-06,/product/%EC%9D%B8%ED%8B%B0%EB%B0%8B%EC%A0%A4-%EB%B0%B1%EB%8F%84%EC%96%B4130ml/517/category/1/display/9/,,2,2,1
2023-03-06,/product/%EC%9D%B8%ED%8B%B0%EB%B0%8B%EC%A0%A4-%EB%B0%B1%EB%8F%84%EC%96%B4130ml/517/category/1/display/9/,90,2,0,0
2023-03-06,/product/%EC%9D%B8%ED%8B%B0%EB%B0%8B%EC%A0%A4-%EB%B0%B1%EB%8F%84%EC%96%B4130ml/517/category/120/display/1/,,2,2,1
2023-03-06,/product/%EC%9D%B8%ED%8B%B0%EB%B0%8B%EC%A0%A4-%EB%B0%B1%EB%8F%84%EC%96%B4130ml/517/category/85/,,2,2,1
2023-03-06,/product/%EC%9D%B8%ED%8B%B0%EB%B0%8B%EC%A0%A4md%EB%A3%A8%EB%B8%8C-114%EC%A2%85-%ED%83%9D2/261/category/85/display/1/,90,2,0,0
2023-03-06,/product/cheremimaka/519,,2,2,1
2023-03-06,/product/search.html,90,2,0,0
2023-03-06,/promotion/index.html,90,2,0,0
2023-03-06,/promotion/past_event.html,,2,2,1
2023-03-06,/srhr/srhrcampaign.html,90,2,0,0
2023-03-06,/srhr/youth-condoms-support.html,90,2,0,0
2023-03-06,/sustainability/sustainable-environmental.html,90,2,0,0
2023-03-06,/sustainability/sustainable-social.html,,2,2,1
2023-03-06,/article/blog/8/10059/page/2/,,1,1,1
2023-03-06,/article/blog/8/10059/page/4/categoryno/1/,,1,1,1
2023-03-06,/article/blog/8/10313/,90,1,0,0
2023-03-06,/article/blog/8/10313/page/6/categoryno/1/,,1,1,1
2023-03-06,/article/blog/8/10566/,,1,1,1
2023-03-06,/article/blog/8/10566/,90,1,0,0
2023-03-06,/article/blog/8/11264/,90,1,0,0
2023-03-06,/article/blog/8/11815/,90,1,0,0
2023-03-06,/article/blog/8/11815/page/5/categoryno/1/,,1,1,1
2023-03-06,/article/blog/8/12066/page/12/categoryno/1/,,1,1,1
2023-03-06,/article/blog/8/12066/page/8/,,1,1,1
2023-03-06,/article/blog/8/12220/page/5/categoryno/1/,,1,1,1
2023-03-06,/article/blog/8/12220/page/7/%E2%80%8B,90,1,0,0
2023-03-06,/article/blog/8/12220/page/8/,,1,1,1
2023-03-06,/article/blog/8/12516/page/12/categoryno/1/,,1,1,1
2023-03-06,/article/blog/8/12516/page/3/categoryno/1/,,1,1,1
2023-03-06,/article/blog/8/12516/page/3/categoryno/1/,90,1,0,0
2023-03-06,/article/blog/8/12566/,90,1,0,0
2023-03-06,/article/blog/8/12833/page/7/%E2%80%8B,,1,1,1
2023-03-06,/article/blog/8/12833/page/8/,,1,1,1
2023-03-06,/article/blog/8/13012/page/3/categoryno/1/,,1,1,1
2023-03-06,/article/blog/8/13012/page/5/,,1,1,1
2023-03-06,/article/blog/8/13012/page/5/categoryno/1/,,1,1,1
2023-03-06,/article/blog/8/13116/page/1/,,1,1,1
2023-03-06,/article/blog/8/13116/page/5/categoryno/1/,,1,1,1
2023-03-06,/article/blog/8/13116/page/7/,,1,0,0
2023-03-06,/article/blog/8/13116/page/7/,90,1,0,0
2023-03-06,/article/blog/8/13117/page/3/categoryno/1/,90,1,0,0
2023-03-06,/article/blog/8/13117/page/5/categoryno/1/,,1,1,1
2023-03-06,/article/blog/8/13117/page/7/,90,1,0,0
2023-03-06,/article/blog/8/13286/page/1/,,1,2,2
2023-03-06,/article/blog/8/13286/page/5/categoryno/1/,,1,1,1
2023-03-06,/article/blog/8/13332/,90,1,0,0
2023-03-06,/article/blog/8/13332/page/7/,90,1,0,0
2023-03-06,/article/blog/8/13333/,90,1,0,0
2023-03-06,/article/blog/8/13333/page/10/categoryno/1/,,1,1,1
2023-03-06,/article/blog/8/13333/page/5/categoryno/1/,,1,1,1
2023-03-06,/article/blog/8/13545/page/1/,,1,1,1
2023-03-06,/article/blog/8/13545/page/10/categoryno/1/,,1,1,1
2023-03-06,/article/blog/8/13736/page/15/,,1,1,1
2023-03-06,/article/blog/8/13863/page/7/,,1,1,1
2023-03-06,/article/blog/8/13972/,90,1,0,0
2023-03-06,/article/blog/8/14046/page/3/categoryno/1/,,1,1,1
2023-03-06,/article/blog/8/14046/page/4/categoryno/1/,,1,1,1
2023-03-06,/article/blog/8/14046/page/7/,,1,1,1
2023-03-06,/article/blog/8/14133/page/1/,90,1,0,0
2023-03-06,/article/blog/8/14133/page/4/,,1,1,1
2023-03-06,/article/blog/8/14133/page/4/categoryno/1/,,1,1,1
2023-03-06,/article/blog/8/14133/page/7/,,1,1,1
2023-03-06,/article/blog/8/14133/page/9/categoryno/1/,,1,1,1
2023-03-06,/article/blog/8/14208/page/7/,,1,1,1
2023-03-06,/article/blog/8/14375/page/4/,,1,1,1
2023-03-06,/article/blog/8/14375/page/4/,90,1,0,0
2023-03-06,/article/blog/8/14376/,90,1,0,0
2023-03-06,/article/blog/8/14377/categoryno/3/,,1,1,1
2023-03-06,/article/blog/8/14389/,,1,1,1
2023-03-06,/article/blog/8/14389/page/1/,,1,1,1
2023-03-06,/article/blog/8/14389/page/1/,90,1,0,0
2023-03-06,/article/blog/8/14389/page/4/,,1,2,2
2023-03-06,/article/blog/8/14495/page/1/,,1,1,1
2023-03-06,/article/blog/8/14495/page/1/,90,1,0,0
2023-03-06,/article/blog/8/14495/page/2/categoryno/1/,90,1,0,0
2023-03-06,/article/blog/8/14576/page/4/,,1,1,1
2023-03-06,/article/blog/8/14576/page/5/,90,1,0,0
2023-03-06,/article/blog/8/14576/page/6/,,1,1,1
2023-03-06,/article/blog/8/14652/page/1/,,1,1,1
2023-03-06,/article/blog/8/14652/page/2/categoryno/1/,,1,1,1
2023-03-06,/article/blog/8/14652/page/5/%E2%80%8B,,1,1,1
2023-03-06,/article/blog/8/14766/page/3/,,1,1,1
2023-03-06,/article/blog/8/14766/page/4/categoryno/1/,,1,1,1
2023-03-06,/article/blog/8/14862/page/2/categoryno/1/,,1,1,1
2023-03-06,/article/blog/8/14862/page/2/categoryno/1/,90,1,0,0
2023-03-06,/article/blog/8/14862/page/3/categoryno/1/,,1,1,1
2023-03-06,/article/blog/8/14862/page/3/categoryno/1/,90,1,0,0
2023-03-06,/article/blog/8/14862/page/8/categoryno/1/,,1,1,1
2023-03-06,/article/blog/8/14939/,90,1,0,0
2023-03-06,/article/blog/8/14996/page/3/,,1,1,1
2023-03-06,/article/blog/8/14996/page/5/,,1,1,1
2023-03-06,/article/blog/8/14996/page/7/,,1,1,1
2023-03-06,/article/blog/8/15078/page/7/,,1,1,1
2023-03-06,/article/blog/8/15165/page/6/categoryno/1/,,1,1,1
2023-03-06,/article/blog/8/15262/page/1/,90,1,0,0
2023-03-06,/article/blog/8/15262/page/2/categoryno/1/,,1,1,1
2023-03-06,/article/blog/8/15262/page/4/%E2%80%8B,,1,2,2
2023-03-06,/article/blog/8/15262/page/4/%E2%80%8B,90,1,0,0
2023-03-06,/article/blog/8/15262/page/5/,,1,1,1
2023-03-06,/article/blog/8/15262/page/7/,,1,1,1
2023-03-06,/article/blog/8/15262/page/7/,90,1,0,0
2023-03-06,/article/blog/8/15399/page/2/,,1,1,1
2023-03-06,/article/blog/8/15399/page/2/,90,1,0,0
2023-03-06,/article/blog/8/15399/page/3/categoryno/1/,,1,1,1
2023-03-06,/article/blog/8/15716/page/2/,,1,1,1
2023-03-06,/article/blog/8/15716/page/2/,90,1,0,0
2023-03-06,/article/blog/8/15716/page/3/,,1,1,1
2023-03-06,/article/blog/8/15716/page/6/categoryno/1/,,1,1,1
2023-03-06,/article/blog/8/15786/categoryno/1/,,1,1,1
2023-03-06,/article/blog/8/15786/page/1/,90,1,0,0
2023-03-06,/article/blog/8/15786/page/2/categoryno/1/,90,1,0,0
2023-03-06,/article/blog/8/15786/page/4/,,1,2,2
2023-03-06,/article/blog/8/15786/page/4/,90,1,0,0
2023-03-06,/article/blog/8/15786/page/5/,90,1,0,0
2023-03-06,/article/blog/8/15786/page/6/categoryno/1/,,1,1,1
2023-03-06,/article/blog/8/15871/page/2/categoryno/1/,90,1,0,0
2023-03-06,/article/blog/8/15871/page/3/categoryno/1/,,1,1,1
2023-03-06,/article/blog/8/15871/page/5/,,1,2,2
2023-03-06,/article/blog/8/15871/page/5/,90,1,0,0
2023-03-06,/article/blog/8/15871/page/6/categoryno/1/,,1,1,1
2023-03-06,/article/blog/8/15959/page/1/%E2%80%8B,,1,1,1
2023-03-06,/article/blog/8/15959/page/1/categoryno/1/,,1,1,1
2023-03-06,/article/blog/8/15959/page/2/categoryno/1/,,1,1,1
2023-03-06,/article/blog/8/15959/page/5/,,1,1,1
2023-03-06,/article/blog/8/15959/page/5/categoryno/1/,90,1,0,0
2023-03-06,/article/blog/8/16053/,90,1,0,0
2023-03-06,/article/blog/8/16053/page/3/,,1,1,1
2023-03-06,/article/blog/8/16053/page/5/,,1,1,1
2023-03-06,/article/blog/8/16211/,90,1,0,0
2023-03-06,/article/blog/8/16211/page/1/,,1,1,1
2023-03-06,/article/blog/8/16211/page/2/categoryno/1/,,1,1,1
2023-03-06,/article/blog/8/16211/page/3/,,1,1,1
2023-03-06,/article/blog/8/16211/page/5/categoryno/1/,90,1,0,0
2023-03-06,/article/blog/8/163/page/1/categoryno/1/,,1,1,1
2023-03-06,/article/blog/8/16329/,90,1,0,0
2023-03-06,/article/blog/8/16329/page/2/categoryno/1/,,1,1,1
2023-03-06,/article/blog/8/16499/,90,1,0,0
2023-03-06,/article/blog/8/16499/page/2/categoryno/1/,90,1,0,0
2023-03-06,/article/blog/8/16499/page/5/categoryno/1/,,1,1,1
2023-03-06,/article/blog/8/165/,,1,1,1
2023-03-06,/article/blog/8/166/,90,1,0,0
2023-03-06,/article/blog/8/16688/,90,1,0,0
2023-03-06,/article/blog/8/16688/page/2/categoryno/1/,,1,1,1
2023-03-06,/article/blog/8/16688/page/4/,,1,1,1
2023-03-06,/article/blog/8/16865/page/2/categoryno/1/,,1,1,1
2023-03-06,/article/blog/8/16865/page/3/,,1,1,1
2023-03-06,/article/blog/8/16865/page/3/%E2%80%8B,,1,2,2
2023-03-06,/article/blog/8/16865/page/4/categoryno/1/,,1,1,1
2023-03-06,/article/blog/8/171/,,1,1,1
2023-03-06,/article/blog/8/171/page/1/categoryno/1/,,1,1,1
2023-03-06,/article/blog/8/17370/categoryno/5/,,1,1,1
2023-03-06,/article/blog/8/17388/page/1/,,1,1,1
2023-03-06,/article/blog/8/19423/page/1/,90,1,0,0
2023-03-06,/article/blog/8/19423/page/4/categoryno/1/,,1,1,1
2023-03-06,/article/blog/8/19592/categoryno/1/,90,1,0,0
2023-03-06,/article/blog/8/19592/page/1/,,1,0,0
2023-03-06,/article/blog/8/19592/page/2/,,1,1,1
2023-03-06,/article/blog/8/19592/page/3/,,1,1,1
2023-03-06,/article/blog/8/19731/page/7/,,1,1,1
2023-03-06,/article/blog/8/19762/categoryno/1/,90,1,0,0
2023-03-06,/article/blog/8/19762/page/3/,90,1,0,0
2023-03-06,/article/blog/8/19839/categoryno/1/,90,1,0,0
2023-03-06,/article/blog/8/19839/page/3/categoryno/1/,,1,2,2
2023-03-06,/article/blog/8/19839/page/7/,,1,1,1
2023-03-06,/article/blog/8/19839/page/7/,90,1,0,0
2023-03-06,/article/blog/8/19891/,,1,1,1
2023-03-06,/article/blog/8/25900/page/1/,,1,1,1
2023-03-06,/article/blog/8/26030/categoryno/5/,,1,1,1
2023-03-06,/article/blog/8/26030/categoryno/5/,90,1,0,0
2023-03-06,/article/blog/8/26143/categoryno/1/,90,1,0,0
2023-03-06,/article/blog/8/26143/page/2/,90,1,0,0
2023-03-06,/article/blog/8/26180/,,1,1,1
2023-03-06,/article/blog/8/26236/categoryno/1/,,1,1,1
2023-03-06,/article/blog/8/26236/page/2/categoryno/1/,,1,1,1
2023-03-06,/article/blog/8/26454/,,1,1,1
2023-03-06,/article/blog/8/26454/,90,1,0,0
2023-03-06,/article/blog/8/26521/categoryno/1/,90,1,0,0
2023-03-06,/article/blog/8/26521/page/1/,,1,1,1
2023-03-06,/article/blog/8/26521/page/1/categoryno/1/,,1,1,1
2023-03-06,/article/blog/8/26521/page/2/categoryno/1/,,1,1,1
2023-03-06,/article/blog/8/26578/,90,1,0,0
2023-03-06,/article/blog/8/26578/categoryno/1/,90,1,0,0
2023-03-06,/article/blog/8/26682/,90,1,0,0
2023-03-06,/article/blog/8/26682/page/1/categoryno/1/,,1,1,1
2023-03-06,/article/blog/8/26730/,90,1,0,0
2023-03-06,/article/blog/8/26730/page/1/categoryno/1/,,1,1,1
2023-03-06,/article/blog/8/26805/,,1,3,3
2023-03-06,/article/blog/8/26940/,90,1,0,0
2023-03-06,/article/blog/8/27178/,90,1,0,0
2023-03-06,/article/blog/8/6340/,,1,1,1
2023-03-06,/article/blog/8/7236/page/1/categoryno/1/,,1,2,2
2023-03-06,/article/blog/8/7302/page/1/,,1,1,1
2023-03-06,/article/blog/8/7446/page/5/categoryno/1/,,1,1,1
2023-03-06,/article/blog/8/7630/,,1,2,2
2023-03-06,/article/blog/8/7630/page/7/categoryno/1/,,1,1,1
2023-03-06,/article/blog/8/7630/page/7/categoryno/1/,90,1,0,0
2023-03-06,/article/blog/8/7786/,90,1,0,0
2023-03-06,/article/blog/8/7786/page/9/%E2%80%8B,,1,1,1
2023-03-06,/article/blog/8/7970/page/7/categoryno/1/,,1,2,2
2023-03-06,/article/blog/8/8672/page/7/categoryno/1/,,1,1,1
2023-03-06,/article/blog/8/9597/page/15/categoryno/1/,,1,1,1
2023-03-06,/article/blog/8/9597/page/15/categoryno/1/,90,1,0,0
2023-03-06,/article/blog/8/9597/page/17/,90,1,0,0
2023-03-06,/article/blog/8/9718,,1,1,1
2023-03-06,/article/blog/8/9719/page/1/,90,1,0,0
2023-03-06,/article/blog/8/9719/page/6/categoryno/1/,,1,1,1
2023-03-06,/article/blog/8/9964/,,1,1,1
2023-03-06,/article/faq/3/25531/,,1,1,1
2023-03-06,/article/faq/3/25531/page/1/,,1,1,1
2023-03-06,/article/faq/3/25556/,,1,1,1
2023-03-06,/article/faq/3/25568/,,1,1,1
2023-03-06,/article/notice/1/18737/,,1,3,3
2023-03-06,/article/notice/1/25878/,90,1,0,0
2023-03-06,/article/notice/1/26049/,,1,1,1
2023-03-06,/article/notice/1/26049/,90,1,0,0
2023-03-06,/article/notice/1/26396/,90,1,0,0
2023-03-06,/article/notice/1/26826/,,1,1,1
2023-03-06,/article/notice/1/27235/,,1,1,1
2023-03-06,/article/notice/1/27462/,90,1,0,0
2023-03-06,/article/review/4/14210/,,1,1,1
2023-03-06,/article/review/4/19042/,90,1,0,0
2023-03-06,/article/review/4/20161/,,1,1,1
2023-03-06,/article/review/4/20452/,,1,1,1
2023-03-06,/article/review/4/20618/,,1,1,1
2023-03-06,/article/review/4/23075/,,1,2,2
2023-03-06,/article/review/4/2400/,,1,1,1
2023-03-06,/article/review/4/25694/,,1,1,1
2023-03-06,/article/review/4/26737/,,1,1,1
2023-03-06,/article/review/4/26738/,,1,1,1
2023-03-06,/article/review/4/26845/,,1,1,1
2023-03-06,/article/review/4/27449/,,1,2,2
2023-03-06,/article/review/4/27585/,,1,1,1
2023-03-06,/article/review/4/2949/,,1,1,1
2023-03-06,/article/review/4/3228/,,1,1,1
2023-03-06,/article/review/4/3228/,90,1,0,0
2023-03-06,/article/review/4/3353/,,1,1,1
2023-03-06,/article/review/4/3746/,,1,1,1
2023-03-06,/article/review/4/7141/,,1,1,1
2023-03-06,/board/blog/aboutcheremi.html,,1,2,2
2023-03-06,/board/blog/all.html,90,1,0,0
2023-03-06,/board/free/read.html,90,1,0,0
2023-03-06,/board/free/write.html,,1,2,2
2023-03-06,/board/free/write.html,90,1,0,0
2023-03-06,/board/product/secret.html,,1,1,1
2023-03-06,/board/recruit/bdd.html,90,1,0,0
2023-03-06,/board/recruit/dnrd.html,90,1,0,0
2023-03-06,/board/recruit/smpt.html,90,1,0,0
2023-03-06,/brand/leadershipprinciples.html,90,1,0,0
2023-03-06,/brand/sustainability.html,,1,1,1
2023-03-06,/brand/sustainability.html,90,1,0,0
2023-03-06,/category/%EC%BD%98%EB%8F%94/83/,90,1,0,0
2023-03-06,/category/feminine-wash/89/,90,1,0,0
2023-03-06,/category/jel/85/,90,1,0,0
2023-03-06,/category/pad/96/,90,1,0,0
2023-03-06,/category/play/121/,90,1,0,0
2023-03-06,/category/quick/118/,,1,0,0
2023-03-06,/category/quick/118/,90,1,0,0
2023-03-06,/member/change_passwd.html,90,1,0,0
2023-03-06,/member/check_password.html,90,1,0,0
2023-03-06,/member/passwd/find_passwd_method.html,90,1,0,0
2023-03-06,/member/passwd/find_passwd_result.html,90,1,0,0
2023-03-06,/myshop/addr/register.html,,1,1,1
2023-03-06,/myshop/addr/register.html,90,1,0,0
2023-03-06,/myshop/coupon/coupon_product_list.html,,1,1,1
2023-03-06,/myshop/coupon/coupon_product_list.html,90,1,0,0
2023-03-06,/myshop/deposits/historyList.html,90,1,0,0
2023-03-06,/myshop/mileage/couponList.html,90,1,0,0
2023-03-06,/myshop/order/account.html,,1,2,2
2023-03-06,/myshop/order/account.html,90,1,0,0
2023-03-06,/myshop/order/cancel.html,90,1,0,0
2023-03-06,/myshop/order/order_detail_cs.html,,1,1,1
2023-03-06,/myshop/order/order_detail_cs.html,90,1,0,0
2023-03-06,/press/presslist.html,,1,3,3
2023-03-06,/press/presslist.html,90,1,0,0
2023-03-06,/product/%EB%9F%AC%EB%B2%84-%EC%84%B8%ED%8A%B8lover-set/243/,,1,1,1
2023-03-06,/product/%EB%9F%AC%EB%B2%84-%EC%84%B8%ED%8A%B8lover-set/243/,90,1,0,0
2023-03-06,/product/%EB%9F%AC%EB%B2%84-%EC%84%B8%ED%8A%B8lover-set/243/category/24/display/1/,90,1,0,0
2023-03-06,/product/%EB%9F%AC%EB%B2%84-%EC%84%B8%ED%8A%B8lover-set/243/category/82/,,1,1,1
2023-03-06,/product/%EB%9F%AC%EB%B2%84-%EC%84%B8%ED%8A%B8lover-set/243/category/85/,,1,1,1
2023-03-06,/product/%EB%A6%AC%EC%96%BC0035-2%ED%8C%A920p%EC%95%84%EA%B7%B8%EB%A1%9C%ED%8F%AC%EB%A0%88%EC%8A%A4%ED%8A%B8%EB%A6%AC-%ED%95%91%EA%B1%B0%EB%8F%9418p/314/category/1/display/9/,,1,1,1
2023-03-06,/product/%EB%A6%AC%EC%96%BC0035-2%ED%8C%A920p%EC%95%84%EA%B7%B8%EB%A1%9C%ED%8F%AC%EB%A0%88%EC%8A%A4%ED%8A%B8%EB%A6%AC-%ED%95%91%EA%B1%B0%EB%8F%9418p/314/category/1/display/9/,90,1,0,0
2023-03-06,/product/%EB%A6%AC%EC%96%BC0035-2%ED%8C%A920p%EC%95%84%EA%B7%B8%EB%A1%9C%ED%8F%AC%EB%A0%88%EC%8A%A4%ED%8A%B8%EB%A6%AC-%ED%95%91%EA%B1%B0%EB%8F%9418p/314/category/83/,,1,1,1
2023-03-06,/product/%EB%A6%AC%EC%96%BC0035-2%ED%8C%A920p%EC%95%84%EA%B7%B8%EB%A1%9C%ED%8F%AC%EB%A0%88%EC%8A%A4%ED%8A%B8%EB%A6%AC-%ED%95%91%EA%B1%B0%EB%8F%9418p/314/category/83/,90,1,0,0
2023-03-06,/product/%EB%A6%AC%EC%96%BC0035-2%ED%8C%A920p%EC%95%84%EA%B7%B8%EB%A1%9C%ED%8F%AC%EB%A0%88%EC%8A%A4%ED%8A%B8%EB%A6%AC-%ED%95%91%EA%B1%B0%EB%8F%9418p/314/category/83/display/1/,90,1,0,0
2023-03-06,/product/%EB%A6%AC%EC%96%BC0035-3%ED%8C%A930p%EC%95%84%EA%B7%B8%EB%A1%9C%ED%8F%AC%EB%A0%88%EC%8A%A4%ED%8A%B8%EB%A6%AC-%EB%8F%84%ED%8B%B0%EB%93%9C10p/316/category/83/display/1/,90,1,0,0
2023-03-06,/product/%EB%A9%80%ED%8B%B0%EC%BC%80%EC%96%B4-%EC%84%B8%ED%8A%B8/523/category/24/display/1/,,1,1,1
2023-03-06,/product/%EC%83%9D%EB%A6%AC%ED%8C%AC%ED%8B%B0-%EB%9D%BC%EC%9D%B4%ED%8A%B8/247/category/98/display/1/,90,1,0,0
2023-03-06,/product/%EC%83%9D%EB%A6%AC%ED%8C%AC%ED%8B%B0-%EC%95%88%EC%8B%AC-%EC%84%B8%ED%8A%B8/245/category/98/display/1/,,1,1,1
2023-03-06,/product/%EC%83%9D%EB%A6%AC%ED%8C%AC%ED%8B%B0-%EC%98%A4%EB%B2%84%EB%82%98%EC%9D%B4%ED%8A%B8/285/category/98/display/1/,90,1,0,0
2023-03-06,/product/%EC%83%9D%EB%A6%AC%ED%8C%AC%ED%8B%B0-21-%EC%84%B8%ED%8A%B8/244/category/1/display/10/,,1,1,1
2023-03-06,/product/%EC%83%9D%EB%A6%AC%ED%8C%AC%ED%8B%B0-21-%EC%84%B8%ED%8A%B8/244/category/1/display/10/,90,1,0,0
2023-03-06,/product/%EC%86%8C%EB%8F%85%EC%BB%B5/249/category/97/display/1/,90,1,0,0
2023-03-06,/product/%EC%95%84%EA%B7%B8%EB%A1%9C%ED%8F%AC%EB%A0%88%EC%8A%A4%ED%8A%B8%EB%A6%AC%C2%AE-%EC%9D%B4%EB%B8%8C-%ED%95%91%EA%B1%B0%EB%8F%94/264/category/24/display/1/,90,1,0,0
2023-03-06,/product/%EC%95%84%EA%B7%B8%EB%A1%9C%ED%8F%AC%EB%A0%88%EC%8A%A4%ED%8A%B8%EB%A6%AC%C2%AE-%EC%9D%B4%EB%B8%8C-%ED%95%91%EA%B1%B0%EB%8F%94/264/category/83/,,1,1,1
2023-03-06,/product/%EC%95%84%EA%B7%B8%EB%A1%9C%ED%8F%AC%EB%A0%88%EC%8A%A4%ED%8A%B8%EB%A6%AC%C2%AE-%EC%9D%B4%EB%B8%8C-%ED%95%91%EA%B1%B0%EB%8F%94/264/category/83/,90,1,0,0
2023-03-06,/product/%EC%9C%A0%EA%B8%B0%EB%86%8D-%EC%88%9C%EB%A9%B4%EC%BB%A4%EB%B2%84-%EC%83%9D%EB%A6%AC%EB%8C%80-%EB%8C%80%ED%98%95-3%ED%8C%A9-36%EA%B0%9C%EC%9E%85/471/category/24/display/1/,,1,1,1
2023-03-06,/product/%EC%9C%A0%EA%B8%B0%EB%86%8D-%EC%88%9C%EB%A9%B4%EC%BB%A4%EB%B2%84-%EC%83%9D%EB%A6%AC%EB%8C%80-%EB%8C%80%ED%98%9512%EA%B0%9C%EC%9E%85/251/category/96/display/1/,,1,1,1
2023-03-06,/product/%EC%9C%A0%EA%B8%B0%EB%86%8D-%EC%88%9C%EB%A9%B4%EC%BB%A4%EB%B2%84-%EC%83%9D%EB%A6%AC%EB%8C%80-%EC%8A%88%ED%8D%BC%EB%A1%B1-%EC%98%A4%EB%B2%84%EB%82%98%EC%9D%B4%ED%8A%B8-10%ED%8C%A9100%EA%B0%9C%EC%9E%85/256/category/96/display/1/,,1,1,1
2023-03-06,/product/%EC%9C%A0%EA%B8%B0%EB%86%8D-%EC%88%9C%EB%A9%B4%EC%BB%A4%EB%B2%84-%EC%83%9D%EB%A6%AC%EB%8C%80-%EC%8A%88%ED%8D%BC%EB%A1%B1-%EC%98%A4%EB%B2%84%EB%82%98%EC%9D%B4%ED%8A%B8-10%ED%8C%A9100%EA%B0%9C%EC%9E%85/256/category/96/display/1/,90,1,0,0
2023-03-06,/product/%EC%9C%A0%EA%B8%B0%EB%86%8D-%EC%88%9C%EB%A9%B4%EC%BB%A4%EB%B2%84-%EC%83%9D%EB%A6%AC%EB%8C%80-%EC%8A%88%ED%8D%BC%EB%A1%B1-%EC%98%A4%EB%B2%84%EB%82%98%EC%9D%B4%ED%8A%B810%EA%B0%9C%EC%9E%85/254/category/96/display/1/,,1,1,1
2023-03-06,/product/%EC%9C%A0%EA%B8%B0%EB%86%8D-%EC%88%9C%EB%A9%B4%EC%BB%A4%EB%B2%84-%EC%83%9D%EB%A6%AC%EB%8C%80-%EC%A4%91%ED%98%95-10%ED%8C%A9140%EA%B0%9C%EC%9E%85/257/category/96/display/1/,,1,1,1
2023-03-06,/product/%EC%9D%B4%EB%B8%8C%EC%BB%B5-mini-s-l/262/,,1,1,1
2023-03-06,/product/%EC%9D%B4%EB%B8%8C%EC%BB%B5-mini-s-l/262/,90,1,0,0
2023-03-06,/product/%EC%9D%B4%EB%B8%8C%EC%BD%98%EB%8F%94-%EB%9D%BC%EC%A7%80/270/category/24/display/1/,,1,1,1
2023-03-06,/product/%EC%9D%B4%EB%B8%8C%EC%BD%98%EB%8F%94-%EB%9D%BC%EC%A7%80/270/category/83/,,1,1,1
2023-03-06,/product/%EC%9D%B4%EB%B8%8C%EC%BD%98%EB%8F%94-%EB%A6%AC%EC%96%BC-0035/286/category/1/display/9/,90,1,0,0
2023-03-06,/product/%EC%9D%B4%EB%B8%8C%EC%BD%98%EB%8F%94-%EB%A6%AC%EC%96%BC-0035/286/category/24/display/1/,90,1,0,0
2023-03-06,/product/%EC%9D%B4%EB%B8%8C%EC%BD%98%EB%8F%94-%EB%A6%AC%EC%96%BC-003510p/286/category/83/,,1,1,1
2023-03-06,/product/%EC%9D%B4%EB%B8%8C%EC%BD%98%EB%8F%94-%EC%8A%AC%EB%A6%BC/275/category/24/display/1/,,1,1,1
2023-03-06,/product/%EC%9D%B4%EB%B8%8C%EC%BD%98%EB%8F%94-%EC%8A%AC%EB%A6%BC10p/275/,,1,1,1
2023-03-06,/product/%EC%9D%B4%EB%B8%8C%EC%BD%98%EB%8F%94-%EC%8A%AC%EB%A6%BC10p/275/category/83/display/1/,,1,1,1
2023-03-06,/product/%EC%9D%B4%EB%B8%8C%EC%BD%98%EB%8F%94-3%EC%A2%85-%EC%84%B8%ED%8A%B8/266/category/83/,,1,1,1
2023-03-06,/product/%EC%9D%B8%ED%8B%B0%EB%B0%8B%EC%A0%A4-%EB%82%B4%EC%B6%94%EB%9F%B4130ml/281/category/24/display/1/,,1,2,2
2023-03-06,/product/%EC%9D%B8%ED%8B%B0%EB%B0%8B%EC%A0%A4-%EB%9D%BC%EB%B2%A4%EB%8D%94130ml/283/category/24/display/1/,,1,1,1
2023-03-06,/product/%EC%9D%B8%ED%8B%B0%EB%B0%8B%EC%A0%A4-%ED%9C%B4%EB%8C%80%EC%9A%A9-5ml/282/category/24/display/1/,,1,2,2
2023-03-06,/product/%EC%9D%B8%ED%8B%B0%EB%B0%8B-%ED%8B%B0%EC%8A%8810%EA%B0%9C%EC%9E%85/514/category/89/display/1/,,1,1,1
2023-03-06,/product/%EC%9D%B8%ED%8B%B0%EB%B0%8B-%ED%8B%B0%EC%8A%8810%EA%B0%9C%EC%9E%85/514/category/89/display/1/,90,1,0,0
2023-03-06,/product/%ED%8E%A8%EA%B0%90%EB%A7%88%EB%A6%AC%EB%86%80%EB%A0%8C%EC%82%B0-%EB%A6%AC%ED%80%B4%EB%93%9C14%ED%8F%AC/520/category/131/display/1/,90,1,0,0
2023-03-06,/product/%ED%8E%A8%EB%A7%88%EC%B9%B4-%EA%B5%AC%EB%AF%B863g/519/category/24/,,1,1,1
2023-03-06,/product/cheremimaka/517,,1,1,1
2023-03-06,/product/valentine/286,90,1,0,0
2023-03-06,/promotion/past_event.html,90,1,0,0
2023-03-06,/promotion/wintersale.html,90,1,0,0
2023-03-06,/srhr/my_abortion.html,90,1,0,0
2023-03-06,/srhr/one-percent-for-srhr.html,90,1,0,0
2023-03-06,/srhr/youth-verification.html,,1,3,3
2023-03-06,/sustainability/long-term-goal.html,90,1,0,0
2023-03-06,/sustainability/sustainable-social.html,90,1,0,0
