nccAdgroupId,customerId,nccCampaignId,mobileChannelId,pcChannelId,bidAmt,name,userLock,useDailyBudget,useKeywordPlus,keywordPlusWeight,contentsNetworkBidAmt,useCntsNetworkBidAmt,mobileNetworkBidWeight,pcNetworkBidWeight,dailyBudget,budgetLock,delFlag,regTm,editTm,targetSummary,pcChannelKey,mobileChannelKey,status,statusReason,expectCost,migType,adgroupAttrJson,adRollingType,adgroupType,systemBiddingType,useCntsNetworkBidWeight,contentsNetworkBidWeight
grp-a001-01-000000003253631,829946,cmp-a001-01-000000000541284,bsn-a001-00-000000000388412,bsn-a001-00-000000000388412,70,젤_BI,False,False,False,0,70,False,100,100,100000,False,False,2017-05-17T06:55:42.000Z,2019-01-18T08:31:17.000Z,"{'pcMobile': 'all', 'media': 'all'}",http://smartstore.naver.com/instinctus,http://smartstore.naver.com/instinctus,PAUSED,CAMPAIGN_PAUSED,187,0,{'campaignTp': 1},PERFORMANCE,WEB_SITE,NONE,False,100
grp-a001-01-000000004990685,829946,cmp-a001-01-000000000541284,bsn-a001-00-000000000388412,bsn-a001-00-000000000388412,70,젤_BIx 주요,False,False,False,100,70,False,100,100,300000,False,False,2017-11-14T07:03:52.000Z,2019-01-18T08:32:27.000Z,"{'pcMobile': 'all', 'media': 'all'}",http://smartstore.naver.com/instinctus,http://smartstore.naver.com/instinctus,PAUSED,CAMPAIGN_PAUSED,462,0,{'campaignTp': 1},PERFORMANCE,WEB_SITE,NONE,False,100
grp-a001-01-000000006462527,829946,cmp-a001-01-000000001106103,bsn-a001-00-000000000874228,bsn-a001-00-000000000874228,70,파워링크#1_광고그룹#1,False,True,False,100,70,False,100,100,300000,False,False,2018-04-06T02:03:40.000Z,2018-04-27T01:14:44.000Z,"{'pcMobile': 'all', 'media': 'all'}",http://eveveve.com,http://eveveve.com,PAUSED,CAMPAIGN_PAUSED,484,0,{'campaignTp': 1},PERFORMANCE,WEB_SITE,NONE,False,100
grp-a001-01-000000006660099,829946,cmp-a001-01-000000000541284,bsn-a001-00-000000000388412,bsn-a001-00-000000000388412,70,워시,True,False,False,100,70,False,100,100,100000,False,False,2018-04-25T00:59:14.000Z,2019-12-17T07:26:29.000Z,"{'pcMobile': 'all', 'media': 'all'}",http://smartstore.naver.com/instinctus,http://smartstore.naver.com/instinctus,PAUSED,GROUP_PAUSED,726,0,{'campaignTp': 1},PERFORMANCE,WEB_SITE,NONE,False,100
grp-a001-01-000000007748671,829946,cmp-a001-01-000000000541284,bsn-a001-00-000000000388412,bsn-a001-00-000000000388412,70,팬티_BIx 기타,True,False,False,100,70,False,100,100,0,False,False,2018-08-09T05:48:14.000Z,2020-03-18T02:15:41.000Z,"{'pcMobile': 'all', 'media': 'all'}",http://smartstore.naver.com/instinctus,http://smartstore.naver.com/instinctus,PAUSED,GROUP_PAUSED,187,0,{'campaignTp': 1},PERFORMANCE,WEB_SITE,NONE,False,100
grp-a001-01-000000008042368,829946,cmp-a001-01-000000000541284,bsn-a001-00-000000000388412,bsn-a001-00-000000000388412,70,컵_BIx주요,False,True,False,100,70,False,100,100,68000,False,False,2018-09-06T03:30:16.000Z,2020-09-03T08:21:10.000Z,"{'pcMobile': 'all', 'media': 'all'}",http://smartstore.naver.com/instinctus,http://smartstore.naver.com/instinctus,PAUSED,CAMPAIGN_PAUSED,715,0,{'campaignTp': 1},PERFORMANCE,WEB_SITE,NONE,False,100
grp-a001-01-000000009218446,829946,cmp-a001-01-000000000541284,bsn-a001-00-000000000388412,bsn-a001-00-000000000388412,70,젤_BIx 기타,False,False,False,100,70,False,100,100,100000,False,False,2018-12-26T02:30:37.000Z,2019-01-18T08:32:22.000Z,"{'pcMobile': 'all', 'media': 'all'}",http://smartstore.naver.com/instinctus,http://smartstore.naver.com/instinctus,PAUSED,CAMPAIGN_PAUSED,429,0,{'campaignTp': 1},PERFORMANCE,WEB_SITE,NONE,False,100
grp-a001-01-000000009321033,829946,cmp-a001-01-000000000541284,bsn-a001-00-000000000388412,bsn-a001-00-000000000388412,70,팬티_BIx 주요,True,True,False,100,70,False,100,100,20000,False,False,2019-01-04T10:04:03.000Z,2020-03-18T02:15:45.000Z,"{'pcMobile': 'all', 'media': 'all'}",http://smartstore.naver.com/instinctus,http://smartstore.naver.com/instinctus,PAUSED,GROUP_PAUSED,220,0,{'campaignTp': 1},PERFORMANCE,WEB_SITE,NONE,False,100
grp-a001-01-000000009321087,829946,cmp-a001-01-000000000541284,bsn-a001-00-000000000388412,bsn-a001-00-000000000388412,70,컵_BIx 기타,False,False,False,100,70,False,100,100,0,False,False,2019-01-04T10:16:01.000Z,2020-09-03T08:21:06.000Z,"{'pcMobile': 'all', 'media': 'all'}",http://smartstore.naver.com/instinctus,http://smartstore.naver.com/instinctus,PAUSED,CAMPAIGN_PAUSED,231,0,{'campaignTp': 1},PERFORMANCE,WEB_SITE,NONE,False,100
grp-a001-01-000000009484607,829946,cmp-a001-01-000000000541284,bsn-a001-00-000000000388412,bsn-a001-00-000000000388412,70,팬티_BI,False,False,False,100,70,False,100,100,0,False,False,2019-01-18T08:01:44.000Z,2019-01-18T08:27:07.000Z,"{'pcMobile': 'all', 'media': 'all'}",http://smartstore.naver.com/instinctus,http://smartstore.naver.com/instinctus,PAUSED,CAMPAIGN_PAUSED,77,0,{'campaignTp': 1},PERFORMANCE,WEB_SITE,NONE,False,100
grp-a001-01-000000010450267,829946,cmp-a001-01-000000000541284,bsn-a001-00-000000000388412,bsn-a001-00-000000000388412,70,컵_BI,False,False,False,100,70,False,100,100,0,False,False,2019-04-03T04:32:19.000Z,2020-09-03T08:21:02.000Z,"{'pcMobile': 'all', 'media': 'all'}",http://smartstore.naver.com/instinctus,http://smartstore.naver.com/instinctus,PAUSED,CAMPAIGN_PAUSED,110,0,{'campaignTp': 1},PERFORMANCE,WEB_SITE,NONE,False,100
grp-a001-01-000000010887295,829946,cmp-a001-01-000000000541284,bsn-a001-00-000000000388412,bsn-a001-00-000000000388412,70,워시 BI,True,True,False,100,70,False,100,100,100000,False,False,2019-05-09T06:43:44.000Z,2019-12-17T07:26:44.000Z,"{'pcMobile': 'all', 'media': 'all'}",http://smartstore.naver.com/instinctus,http://smartstore.naver.com/instinctus,PAUSED,GROUP_PAUSED,77,0,{'campaignTp': 1},PERFORMANCE,WEB_SITE,NONE,False,100
grp-a001-01-000000013384145,829946,cmp-a001-01-000000000857071,bsn-a001-00-000000003047039,bsn-a001-00-000000003047039,70,공홈,True,True,False,100,70,False,100,100,100000,False,False,2019-12-10T04:57:48.000Z,2019-12-13T01:16:59.000Z,"{'pcMobile': 'all', 'media': 'all'}",https://evecondoms.com/index.html,https://evecondoms.com/index.html,PAUSED,BUSINESS_CHANNEL_DISAPPROVED,0,0,{'campaignTp': 1},PERFORMANCE,WEB_SITE,NONE,False,100
grp-a001-01-000000018375676,829946,cmp-a001-01-000000003551333,bsn-a001-00-000000000388412,bsn-a001-00-000000000388412,70,SLbi,False,False,False,0,70,False,100,100,0,False,False,2020-11-19T10:06:58.000Z,2022-05-30T00:01:42.000Z,"{'pcMobile': 'partially', 'media': 'partially'}",http://smartstore.naver.com/instinctus,http://smartstore.naver.com/instinctus,PAUSED,CAMPAIGN_PAUSED,77,0,{'campaignTp': 1},PERFORMANCE,WEB_SITE,NONE,False,100
grp-a001-01-000000018375678,829946,cmp-a001-01-000000003551333,bsn-a001-00-000000000388412,bsn-a001-00-000000000388412,70,SLbix,False,False,False,100,70,False,100,100,50000,False,False,2020-11-19T10:06:59.000Z,2022-05-30T00:01:42.000Z,"{'pcMobile': 'partially', 'media': 'partially'}",http://smartstore.naver.com/instinctus,http://smartstore.naver.com/instinctus,PAUSED,CAMPAIGN_PAUSED,1936,0,{'campaignTp': 1},ROUND_ROBIN,WEB_SITE,NONE,False,100
grp-a001-01-000000018375681,829946,cmp-a001-01-000000003551333,bsn-a001-00-000000000388412,bsn-a001-00-000000000388412,70,MMCbi,False,False,False,100,70,False,100,100,0,False,False,2020-11-19T10:07:00.000Z,2022-05-30T00:01:42.000Z,"{'pcMobile': 'partially', 'media': 'partially'}",http://smartstore.naver.com/instinctus,http://smartstore.naver.com/instinctus,PAUSED,CAMPAIGN_PAUSED,737,0,{'campaignTp': 1},PERFORMANCE,WEB_SITE,NONE,False,100
grp-a001-01-000000018375683,829946,cmp-a001-01-000000003551333,bsn-a001-00-000000000388412,bsn-a001-00-000000000388412,70,MMCbix,False,False,False,100,70,False,100,100,50000,False,False,2020-11-19T10:07:00.000Z,2022-05-30T00:01:42.000Z,"{'pcMobile': 'partially', 'media': 'partially'}",http://smartstore.naver.com/instinctus,http://smartstore.naver.com/instinctus,PAUSED,CAMPAIGN_PAUSED,2002,0,{'campaignTp': 1},ROUND_ROBIN,WEB_SITE,NONE,False,100
grp-a001-01-000000018375686,829946,cmp-a001-01-000000003551333,bsn-a001-00-000000000388412,bsn-a001-00-000000000388412,70,MMPbi,False,False,False,100,70,False,100,100,0,False,False,2020-11-19T10:07:01.000Z,2022-05-30T00:01:42.000Z,"{'pcMobile': 'partially', 'media': 'partially'}",http://smartstore.naver.com/instinctus,http://smartstore.naver.com/instinctus,PAUSED,CAMPAIGN_PAUSED,77,0,{'campaignTp': 1},PERFORMANCE,WEB_SITE,NONE,False,100
grp-a001-01-000000018375776,829946,cmp-a001-01-000000003551342,bsn-a001-00-000000000388412,bsn-a001-00-000000000388412,70,SLbi,False,False,False,0,70,False,100,100,0,False,False,2020-11-19T10:08:44.000Z,2022-04-19T05:11:27.000Z,"{'pcMobile': 'partially', 'media': 'partially'}",http://smartstore.naver.com/instinctus,http://smartstore.naver.com/instinctus,PAUSED,CAMPAIGN_PAUSED,121,0,{'campaignTp': 1},PERFORMANCE,WEB_SITE,NONE,False,100
grp-a001-01-000000018375777,829946,cmp-a001-01-000000003551342,bsn-a001-00-000000000388412,bsn-a001-00-000000000388412,70,SLbix,False,False,False,100,70,False,100,100,100000,False,False,2020-11-19T10:08:44.000Z,2022-04-19T05:11:55.000Z,"{'pcMobile': 'partially', 'media': 'partially'}",http://smartstore.naver.com/instinctus,http://smartstore.naver.com/instinctus,PAUSED,CAMPAIGN_PAUSED,748,0,{'campaignTp': 1},ROUND_ROBIN,WEB_SITE,NONE,False,100
grp-a001-01-000000018375779,829946,cmp-a001-01-000000003551342,bsn-a001-00-000000000388412,bsn-a001-00-000000000388412,70,MMCbi,False,False,False,100,70,False,100,100,0,False,False,2020-11-19T10:08:45.000Z,2022-04-19T05:12:20.000Z,"{'pcMobile': 'partially', 'media': 'partially'}",http://smartstore.naver.com/instinctus,http://smartstore.naver.com/instinctus,PAUSED,CAMPAIGN_PAUSED,121,0,{'campaignTp': 1},PERFORMANCE,WEB_SITE,NONE,False,100
grp-a001-01-000000018375780,829946,cmp-a001-01-000000003551342,bsn-a001-00-000000000388412,bsn-a001-00-000000000388412,70,MMCbix,False,False,False,100,70,False,100,100,100000,False,False,2020-11-19T10:08:46.000Z,2022-04-19T05:12:28.000Z,"{'pcMobile': 'partially', 'media': 'partially'}",http://smartstore.naver.com/instinctus,http://smartstore.naver.com/instinctus,PAUSED,CAMPAIGN_PAUSED,1144,0,{'campaignTp': 1},ROUND_ROBIN,WEB_SITE,NONE,False,100
grp-a001-01-000000018375782,829946,cmp-a001-01-000000003551342,bsn-a001-00-000000000388412,bsn-a001-00-000000000388412,70,MMPbi,False,False,False,100,70,False,100,100,0,False,False,2020-11-19T10:08:46.000Z,2022-04-19T05:12:50.000Z,"{'pcMobile': 'partially', 'media': 'partially'}",http://smartstore.naver.com/instinctus,http://smartstore.naver.com/instinctus,PAUSED,CAMPAIGN_PAUSED,297,0,{'campaignTp': 1},PERFORMANCE,WEB_SITE,NONE,False,100
grp-a001-01-000000018702350,829946,cmp-a001-01-000000003551333,bsn-a001-00-000000000388412,bsn-a001-00-000000000388412,70,크리스마스_BIx,True,True,False,0,70,False,100,100,10000,False,False,2020-12-07T08:41:02.000Z,2020-12-16T06:54:09.000Z,"{'pcMobile': 'partially', 'media': 'partially'}",http://smartstore.naver.com/instinctus,http://smartstore.naver.com/instinctus,PAUSED,GROUP_PAUSED,407,0,{'campaignTp': 1},PERFORMANCE,WEB_SITE,NONE,False,100
grp-a001-01-000000018702397,829946,cmp-a001-01-000000003551342,bsn-a001-00-000000000388412,bsn-a001-00-000000000388412,70,크리스마스_Bix,True,True,False,0,70,False,100,100,10000,False,False,2020-12-07T08:43:21.000Z,2020-12-16T06:54:06.000Z,"{'pcMobile': 'partially', 'media': 'partially'}",http://smartstore.naver.com/instinctus,http://smartstore.naver.com/instinctus,PAUSED,GROUP_PAUSED,1782,0,{'campaignTp': 1},PERFORMANCE,WEB_SITE,NONE,False,100
grp-a001-01-000000018702459,829946,cmp-a001-01-000000003551342,bsn-a001-00-000000000388412,bsn-a001-00-000000000388412,70,워시_BIx,True,True,False,0,70,False,100,100,10000,False,False,2020-12-07T08:45:39.000Z,2021-02-03T01:56:09.000Z,"{'pcMobile': 'partially', 'media': 'partially'}",http://smartstore.naver.com/instinctus,http://smartstore.naver.com/instinctus,PAUSED,GROUP_PAUSED,3025,0,{'campaignTp': 1},PERFORMANCE,WEB_SITE,NONE,False,100
grp-a001-01-000000018702588,829946,cmp-a001-01-000000003551333,bsn-a001-00-000000000388412,bsn-a001-00-000000000388412,70,워시_BIx,True,True,False,0,70,False,100,100,20000,False,False,2020-12-07T08:48:33.000Z,2021-02-03T01:56:04.000Z,"{'pcMobile': 'partially', 'media': 'partially'}",http://smartstore.naver.com/instinctus,http://smartstore.naver.com/instinctus,PAUSED,GROUP_PAUSED,3080,0,{'campaignTp': 1},PERFORMANCE,WEB_SITE,NONE,False,100
grp-a001-01-000000018705520,829946,cmp-a001-01-000000003551333,bsn-a001-00-000000000388412,bsn-a001-00-000000000388412,70,MMPbix,True,True,False,0,70,False,100,100,10000,False,False,2020-12-07T11:40:15.000Z,2022-04-19T05:17:01.000Z,"{'pcMobile': 'partially', 'media': 'partially'}",http://smartstore.naver.com/instinctus,http://smartstore.naver.com/instinctus,PAUSED,GROUP_PAUSED,1133,0,{'campaignTp': 1},PERFORMANCE,WEB_SITE,NONE,False,100
grp-a001-01-000000018705523,829946,cmp-a001-01-000000003551342,bsn-a001-00-000000000388412,bsn-a001-00-000000000388412,70,MMPbix,True,True,False,0,70,False,100,100,10000,False,False,2020-12-07T11:41:03.000Z,2022-04-19T05:13:03.000Z,"{'pcMobile': 'partially', 'media': 'partially'}",http://smartstore.naver.com/instinctus,http://smartstore.naver.com/instinctus,PAUSED,GROUP_PAUSED,1320,0,{'campaignTp': 1},PERFORMANCE,WEB_SITE,NONE,False,100
grp-a001-01-000000020643781,829946,cmp-a001-01-000000004000867,bsn-a001-00-000000005056887,bsn-a001-00-000000005056887,70,PC/ SCbix,True,False,False,0,70,False,100,100,50000,False,False,2021-04-02T08:40:38.000Z,2022-04-19T05:18:18.000Z,"{'pcMobile': 'partially', 'media': 'partially'}",http://instinctuseve.com,http://instinctuseve.com,PAUSED,BUSINESS_CHANNEL_DISAPPROVED,0,0,{'campaignTp': 1},PERFORMANCE,WEB_SITE,NONE,False,100
grp-a001-01-000000020795603,829946,cmp-a001-01-000000004000867,bsn-a001-00-000000005056887,bsn-a001-00-000000005056887,70,모바일/ SCbix,False,True,False,0,70,False,100,100,100000,False,False,2021-04-12T07:56:23.000Z,2022-04-19T05:17:57.000Z,"{'pcMobile': 'partially', 'media': 'partially'}",http://instinctuseve.com,http://instinctuseve.com,PAUSED,BUSINESS_CHANNEL_DISAPPROVED,1540,0,{'campaignTp': 1},PERFORMANCE,WEB_SITE,NONE,False,100
grp-a001-01-000000021091602,829946,cmp-a001-01-000000000857071,bsn-a001-00-000000005180122,bsn-a001-00-000000005180122,70,공식홈페이지 비즈광고_광고그룹#1,False,False,False,0,70,False,100,100,0,False,False,2021-04-29T05:55:50.000Z,2021-04-29T05:55:50.000Z,"{'pcMobile': 'all', 'media': 'all'}",https://www.byehpveve.com,https://www.byehpveve.com,PAUSED,BUSINESS_CHANNEL_DISAPPROVED,0,0,{'campaignTp': 1},PERFORMANCE,WEB_SITE,NONE,False,100
grp-a001-01-000000027116351,829946,cmp-a001-01-000000005384553,bsn-a001-00-000000000388412,bsn-a001-00-000000000388412,70,MMC_*_Drtx,False,False,False,0,70,False,100,100,100,False,False,2022-05-10T08:51:34.000Z,2022-05-30T00:03:29.000Z,"{'pcMobile': 'partially', 'media': 'partially'}",http://smartstore.naver.com/instinctus,http://smartstore.naver.com/instinctus,PAUSED,CAMPAIGN_PAUSED,77,0,{'campaignTp': 1},PERFORMANCE,WEB_SITE,NONE,False,100
grp-a001-01-000000027233197,829946,cmp-a001-01-000000005384553,bsn-a001-00-000000000388412,bsn-a001-00-000000000388412,70,MMP_S3_Drtx,False,False,False,0,70,False,100,100,100,False,False,2022-05-18T01:50:08.000Z,2022-05-30T00:03:32.000Z,"{'pcMobile': 'partially', 'media': 'partially'}",http://smartstore.naver.com/instinctus,http://smartstore.naver.com/instinctus,PAUSED,CAMPAIGN_PAUSED,77,0,{'campaignTp': 1},PERFORMANCE,WEB_SITE,NONE,False,100
grp-a001-01-000000027233235,829946,cmp-a001-01-000000005384553,bsn-a001-00-000000000388412,bsn-a001-00-000000000388412,70,SL_W_USN120_Drtx,False,False,False,0,70,False,100,100,100,False,False,2022-05-18T01:50:46.000Z,2022-05-30T00:03:34.000Z,"{'pcMobile': 'partially', 'media': 'partially'}",http://smartstore.naver.com/instinctus,http://smartstore.naver.com/instinctus,PAUSED,CAMPAIGN_PAUSED,121,0,{'campaignTp': 1},PERFORMANCE,WEB_SITE,NONE,False,100
grp-a001-01-000000027234036,829946,cmp-a001-01-000000005410745,bsn-a001-00-000000000388412,bsn-a001-00-000000000388412,70,MMC_*_Drtx,False,False,False,0,70,False,100,100,100,False,False,2022-05-18T02:22:02.000Z,2022-05-30T00:03:20.000Z,"{'pcMobile': 'partially', 'media': 'partially'}",http://smartstore.naver.com/instinctus,http://smartstore.naver.com/instinctus,PAUSED,CAMPAIGN_PAUSED,1100,0,{'campaignTp': 1},PERFORMANCE,WEB_SITE,NONE,False,100
grp-a001-01-000000027234214,829946,cmp-a001-01-000000005410745,bsn-a001-00-000000000388412,bsn-a001-00-000000000388412,70,MMP_S3_Drtx,True,False,False,0,70,False,100,100,100,False,False,2022-05-18T02:29:31.000Z,2022-05-25T06:21:00.000Z,"{'pcMobile': 'partially', 'media': 'partially'}",http://smartstore.naver.com/instinctus,http://smartstore.naver.com/instinctus,PAUSED,GROUP_PAUSED,0,0,{'campaignTp': 1},PERFORMANCE,WEB_SITE,NONE,False,100
grp-a001-01-000000027234257,829946,cmp-a001-01-000000005410745,bsn-a001-00-000000000388412,bsn-a001-00-000000000388412,70,SL_W_USN120_Drtx,False,False,False,0,70,False,100,100,100,False,False,2022-05-18T02:31:30.000Z,2022-05-30T00:03:26.000Z,"{'pcMobile': 'partially', 'media': 'partially'}",http://smartstore.naver.com/instinctus,http://smartstore.naver.com/instinctus,PAUSED,CAMPAIGN_PAUSED,5203,0,{'campaignTp': 1},PERFORMANCE,WEB_SITE,NONE,False,100
grp-a001-01-000000027234809,829946,cmp-a001-01-000000005410939,bsn-a001-00-000000000388412,bsn-a001-00-000000000388412,70,MMC_*_Drtx,False,False,False,0,70,False,100,100,100,False,False,2022-05-18T02:52:29.000Z,2022-05-29T23:56:40.000Z,"{'pcMobile': 'partially', 'media': 'partially'}",http://smartstore.naver.com/instinctus,http://smartstore.naver.com/instinctus,PAUSED,CAMPAIGN_PAUSED,77,0,{'campaignTp': 1},PERFORMANCE,WEB_SITE,NONE,False,100
grp-a001-01-000000027234981,829946,cmp-a001-01-000000005410939,bsn-a001-00-000000000388412,bsn-a001-00-000000000388412,70,MMP_S3_Drtx,False,False,False,0,70,False,100,100,70,False,False,2022-05-18T03:02:57.000Z,2022-05-29T23:56:40.000Z,"{'pcMobile': 'partially', 'media': 'partially'}",http://smartstore.naver.com/instinctus,http://smartstore.naver.com/instinctus,PAUSED,CAMPAIGN_PAUSED,308,0,{'campaignTp': 1},PERFORMANCE,WEB_SITE,NONE,False,100
grp-a001-01-000000027235041,829946,cmp-a001-01-000000005410939,bsn-a001-00-000000000388412,bsn-a001-00-000000000388412,70,SL_W_USN120_Drtx,False,False,False,0,70,False,100,100,70,False,False,2022-05-18T03:03:30.000Z,2022-05-29T23:56:41.000Z,"{'pcMobile': 'partially', 'media': 'partially'}",http://smartstore.naver.com/instinctus,http://smartstore.naver.com/instinctus,PAUSED,CAMPAIGN_PAUSED,66,0,{'campaignTp': 1},PERFORMANCE,WEB_SITE,NONE,False,100
grp-a001-01-000000027235241,829946,cmp-a001-01-000000005411058,bsn-a001-00-000000000388412,bsn-a001-00-000000000388412,70,MMC_*_Drtx,True,False,False,0,70,False,100,100,70,False,False,2022-05-18T03:12:07.000Z,2022-08-09T03:24:31.000Z,"{'pcMobile': 'partially', 'media': 'partially'}",http://smartstore.naver.com/instinctus,http://smartstore.naver.com/instinctus,PAUSED,GROUP_PAUSED,2156,0,{'campaignTp': 1},PERFORMANCE,WEB_SITE,NONE,False,100
grp-a001-01-000000027235249,829946,cmp-a001-01-000000005411058,bsn-a001-00-000000000388412,bsn-a001-00-000000000388412,70,MMP_S3_Drtx,True,False,False,0,70,False,100,100,70,False,False,2022-05-18T03:12:46.000Z,2022-05-30T00:03:14.000Z,"{'pcMobile': 'partially', 'media': 'partially'}",http://smartstore.naver.com/instinctus,http://smartstore.naver.com/instinctus,PAUSED,GROUP_PAUSED,0,0,{'campaignTp': 1},PERFORMANCE,WEB_SITE,NONE,False,100
grp-a001-01-000000027235359,829946,cmp-a001-01-000000005411058,bsn-a001-00-000000000388412,bsn-a001-00-000000000388412,70,SL_W_USN120_Drtx,False,False,False,0,70,False,100,100,70,False,False,2022-05-18T03:19:49.000Z,2022-05-29T23:56:22.000Z,"{'pcMobile': 'partially', 'media': 'partially'}",http://smartstore.naver.com/instinctus,http://smartstore.naver.com/instinctus,PAUSED,CAMPAIGN_PAUSED,1221,0,{'campaignTp': 1},PERFORMANCE,WEB_SITE,NONE,False,100
grp-a001-01-000000027934975,829946,cmp-a001-01-000000005557729,bsn-a001-00-000000000388412,bsn-a001-00-000000000388412,70,SL_W2_Drtx,False,False,False,0,70,False,100,100,0,False,False,2022-06-30T05:07:53.000Z,2022-06-30T05:48:59.000Z,"{'pcMobile': 'all', 'media': 'all'}",http://smartstore.naver.com/instinctus,http://smartstore.naver.com/instinctus,PAUSED,CAMPAIGN_PAUSED,0,0,{'campaignTp': 1},PERFORMANCE,WEB_SITE,NONE,False,100
grp-a001-01-000000027935960,829946,cmp-a001-01-000000005557729,bsn-a001-00-000000000388412,bsn-a001-00-000000000388412,70,MMC_Drtx,False,False,False,0,70,False,100,100,0,False,False,2022-06-30T05:39:48.000Z,2022-06-30T05:48:37.000Z,"{'pcMobile': 'all', 'media': 'all'}",http://smartstore.naver.com/instinctus,http://smartstore.naver.com/instinctus,PAUSED,CAMPAIGN_PAUSED,0,0,{'campaignTp': 1},PERFORMANCE,WEB_SITE,NONE,False,100
grp-a001-01-000000027935968,829946,cmp-a001-01-000000005557729,bsn-a001-00-000000000388412,bsn-a001-00-000000000388412,70,MMP_S4_Drtx,False,False,False,0,70,False,100,100,0,False,False,2022-06-30T05:40:07.000Z,2022-06-30T05:42:51.000Z,"{'pcMobile': 'all', 'media': 'all'}",http://smartstore.naver.com/instinctus,http://smartstore.naver.com/instinctus,PAUSED,CAMPAIGN_PAUSED,0,0,{'campaignTp': 1},PERFORMANCE,WEB_SITE,NONE,False,100
grp-a001-01-000000027935999,829946,cmp-a001-01-000000005557729,bsn-a001-00-000000000388412,bsn-a001-00-000000000388412,70,SL_S_Drtx,False,False,False,0,70,False,100,100,0,False,False,2022-06-30T05:41:23.000Z,2022-06-30T05:49:28.000Z,"{'pcMobile': 'all', 'media': 'all'}",http://smartstore.naver.com/instinctus,http://smartstore.naver.com/instinctus,PAUSED,CAMPAIGN_PAUSED,0,0,{'campaignTp': 1},PERFORMANCE,WEB_SITE,NONE,False,100
grp-a001-01-000000027936073,829946,cmp-a001-01-000000005557729,bsn-a001-00-000000000388412,bsn-a001-00-000000000388412,70,GCFW_Drtx,False,False,False,0,70,False,100,100,0,False,False,2022-06-30T05:43:52.000Z,2022-06-30T05:43:52.000Z,"{'pcMobile': 'all', 'media': 'all'}",http://smartstore.naver.com/instinctus,http://smartstore.naver.com/instinctus,PAUSED,CAMPAIGN_PAUSED,0,0,{'campaignTp': 1},PERFORMANCE,WEB_SITE,NONE,False,100
grp-a001-01-000000027936185,829946,cmp-a001-01-000000005557729,bsn-a001-00-000000000388412,bsn-a001-00-000000000388412,70,MSP_Drtx,False,False,False,0,70,False,100,100,0,False,False,2022-06-30T05:45:31.000Z,2022-06-30T05:45:31.000Z,"{'pcMobile': 'all', 'media': 'all'}",http://smartstore.naver.com/instinctus,http://smartstore.naver.com/instinctus,PAUSED,CAMPAIGN_PAUSED,0,0,{'campaignTp': 1},PERFORMANCE,WEB_SITE,NONE,False,100
grp-a001-01-000000027939619,829946,cmp-a001-01-000000005558785,bsn-a001-00-000000000388412,bsn-a001-00-000000000388412,70,SL_W2_Drtx,False,False,False,0,70,False,100,100,0,False,False,2022-06-30T07:19:58.000Z,2022-06-30T07:19:58.000Z,"{'pcMobile': 'all', 'media': 'all'}",http://smartstore.naver.com/instinctus,http://smartstore.naver.com/instinctus,PAUSED,CAMPAIGN_PAUSED,0,0,{'campaignTp': 1},PERFORMANCE,WEB_SITE,NONE,False,100
grp-a001-01-000000027939623,829946,cmp-a001-01-000000005558785,bsn-a001-00-000000000388412,bsn-a001-00-000000000388412,70,SL_S_Drtx,False,False,False,0,70,False,100,100,0,False,False,2022-06-30T07:20:07.000Z,2022-06-30T07:20:07.000Z,"{'pcMobile': 'all', 'media': 'all'}",http://smartstore.naver.com/instinctus,http://smartstore.naver.com/instinctus,PAUSED,CAMPAIGN_PAUSED,0,0,{'campaignTp': 1},PERFORMANCE,WEB_SITE,NONE,False,100
grp-a001-01-000000027939628,829946,cmp-a001-01-000000005558785,bsn-a001-00-000000000388412,bsn-a001-00-000000000388412,70,MSP_Drtx,False,False,False,0,70,False,100,100,0,False,False,2022-06-30T07:20:17.000Z,2022-06-30T07:20:17.000Z,"{'pcMobile': 'all', 'media': 'all'}",http://smartstore.naver.com/instinctus,http://smartstore.naver.com/instinctus,PAUSED,CAMPAIGN_PAUSED,0,0,{'campaignTp': 1},PERFORMANCE,WEB_SITE,NONE,False,100
grp-a001-01-000000027939636,829946,cmp-a001-01-000000005558785,bsn-a001-00-000000000388412,bsn-a001-00-000000000388412,70,MMP_S4_Drtx,False,False,False,0,70,False,100,100,0,False,False,2022-06-30T07:20:34.000Z,2022-06-30T07:20:34.000Z,"{'pcMobile': 'all', 'media': 'all'}",http://smartstore.naver.com/instinctus,http://smartstore.naver.com/instinctus,PAUSED,CAMPAIGN_PAUSED,0,0,{'campaignTp': 1},PERFORMANCE,WEB_SITE,NONE,False,100
grp-a001-01-000000027939655,829946,cmp-a001-01-000000005558785,bsn-a001-00-000000000388412,bsn-a001-00-000000000388412,70,MMC_Drtx,False,False,False,0,70,False,100,100,0,False,False,2022-06-30T07:20:49.000Z,2022-06-30T07:20:49.000Z,"{'pcMobile': 'all', 'media': 'all'}",http://smartstore.naver.com/instinctus,http://smartstore.naver.com/instinctus,PAUSED,CAMPAIGN_PAUSED,0,0,{'campaignTp': 1},PERFORMANCE,WEB_SITE,NONE,False,100
grp-a001-01-000000027939661,829946,cmp-a001-01-000000005558785,bsn-a001-00-000000000388412,bsn-a001-00-000000000388412,70,GCFW_Drtx,False,False,False,0,70,False,100,100,0,False,False,2022-06-30T07:21:07.000Z,2022-06-30T07:21:07.000Z,"{'pcMobile': 'all', 'media': 'all'}",http://smartstore.naver.com/instinctus,http://smartstore.naver.com/instinctus,PAUSED,CAMPAIGN_PAUSED,0,0,{'campaignTp': 1},PERFORMANCE,WEB_SITE,NONE,False,100
grp-a001-01-000000027939700,829946,cmp-a001-01-000000005558993,bsn-a001-00-000000000388412,bsn-a001-00-000000000388412,1000,SL_W2_Drtx,False,False,False,0,70,False,100,100,0,False,False,2022-06-30T07:22:45.000Z,2022-08-20T07:06:03.000Z,"{'pcMobile': 'all', 'media': 'all'}",http://smartstore.naver.com/instinctus,http://smartstore.naver.com/instinctus,ELIGIBLE,ELIGIBLE,77,0,{'campaignTp': 1},PERFORMANCE,WEB_SITE,NONE,False,100
grp-a001-01-000000027939702,829946,cmp-a001-01-000000005558993,bsn-a001-00-000000000388412,bsn-a001-00-000000000388412,120,SL_S_Drtx,False,True,False,0,70,False,100,100,200000,False,False,2022-06-30T07:22:54.000Z,2022-11-15T19:16:26.000Z,"{'pcMobile': 'all', 'media': 'all'}",http://smartstore.naver.com/instinctus,http://smartstore.naver.com/instinctus,ELIGIBLE,ELIGIBLE,198,0,{'campaignTp': 1},PERFORMANCE,WEB_SITE,ML,False,100
grp-a001-01-000000027939706,829946,cmp-a001-01-000000005558993,bsn-a001-00-000000000388412,bsn-a001-00-000000000388412,70,MSP_Drtx,False,True,False,0,70,False,100,100,50000,False,False,2022-06-30T07:23:01.000Z,2022-11-16T03:16:25.000Z,"{'pcMobile': 'all', 'media': 'all'}",http://smartstore.naver.com/instinctus,http://smartstore.naver.com/instinctus,ELIGIBLE,ELIGIBLE,0,0,{'campaignTp': 1},PERFORMANCE,WEB_SITE,ML,False,100
grp-a001-01-000000027939709,829946,cmp-a001-01-000000005558993,bsn-a001-00-000000000388412,bsn-a001-00-000000000388412,120,MMP_S4_Drtx,False,True,False,0,70,False,100,100,50000,False,False,2022-06-30T07:23:09.000Z,2022-11-15T19:16:26.000Z,"{'pcMobile': 'all', 'media': 'all'}",http://smartstore.naver.com/instinctus,http://smartstore.naver.com/instinctus,ELIGIBLE,ELIGIBLE,77,0,{'campaignTp': 1},PERFORMANCE,WEB_SITE,ML,False,100
grp-a001-01-000000027939712,829946,cmp-a001-01-000000005558993,bsn-a001-00-000000000388412,bsn-a001-00-000000000388412,70,MMC_Drtx,False,True,True,100,70,False,100,100,500000,False,False,2022-06-30T07:23:19.000Z,2022-08-16T09:02:37.000Z,"{'pcMobile': 'all', 'media': 'all'}",http://smartstore.naver.com/instinctus,http://smartstore.naver.com/instinctus,ELIGIBLE,ELIGIBLE,671,0,{'campaignTp': 1},PERFORMANCE,WEB_SITE,NONE,False,100
grp-a001-01-000000027939717,829946,cmp-a001-01-000000005558993,bsn-a001-00-000000000388412,bsn-a001-00-000000000388412,70,GCFW_Drtx,False,False,False,0,70,False,100,100,0,False,False,2022-06-30T07:23:31.000Z,2022-10-19T06:55:14.000Z,"{'pcMobile': 'all', 'media': 'all'}",http://smartstore.naver.com/instinctus,http://smartstore.naver.com/instinctus,ELIGIBLE,ELIGIBLE,0,0,{'campaignTp': 1},PERFORMANCE,WEB_SITE,NONE,False,100
grp-a001-01-000000027939739,829946,cmp-a001-01-000000005559009,bsn-a001-00-000000000388412,bsn-a001-00-000000000388412,2000,SL_W2_Drtx,False,False,False,0,70,False,100,100,0,False,False,2022-06-30T07:24:37.000Z,2022-08-24T05:41:58.000Z,"{'pcMobile': 'all', 'media': 'all'}",http://smartstore.naver.com/instinctus,http://smartstore.naver.com/instinctus,ELIGIBLE,ELIGIBLE,2123,0,{'campaignTp': 1},PERFORMANCE,WEB_SITE,NONE,False,100
grp-a001-01-000000027939757,829946,cmp-a001-01-000000005559009,bsn-a001-00-000000000388412,bsn-a001-00-000000000388412,2000,SL_S_Drtx,False,True,True,100,70,False,100,100,100000,False,False,2022-06-30T07:25:41.000Z,2022-09-20T03:27:18.000Z,"{'pcMobile': 'partially', 'media': 'partially'}",http://smartstore.naver.com/instinctus,http://smartstore.naver.com/instinctus,ELIGIBLE,ELIGIBLE,858,0,{'campaignTp': 1},PERFORMANCE,WEB_SITE,NONE,False,100
grp-a001-01-000000027939767,829946,cmp-a001-01-000000005559009,bsn-a001-00-000000000388412,bsn-a001-00-000000000388412,70,MSP_Drtx,True,False,False,0,70,False,100,100,0,False,False,2022-06-30T07:25:54.000Z,2022-08-16T04:59:02.000Z,"{'pcMobile': 'all', 'media': 'all'}",http://smartstore.naver.com/instinctus,http://smartstore.naver.com/instinctus,PAUSED,GROUP_PAUSED,0,0,{'campaignTp': 1},PERFORMANCE,WEB_SITE,NONE,False,100
grp-a001-01-000000027939779,829946,cmp-a001-01-000000005559009,bsn-a001-00-000000000388412,bsn-a001-00-000000000388412,70,MMP_S4_Drtx,True,False,False,0,70,False,100,100,0,False,False,2022-06-30T07:26:03.000Z,2022-08-16T04:59:01.000Z,"{'pcMobile': 'all', 'media': 'all'}",http://smartstore.naver.com/instinctus,http://smartstore.naver.com/instinctus,PAUSED,GROUP_PAUSED,0,0,{'campaignTp': 1},PERFORMANCE,WEB_SITE,NONE,False,100
grp-a001-01-000000027939794,829946,cmp-a001-01-000000005559009,bsn-a001-00-000000000388412,bsn-a001-00-000000000388412,2000,MMC_Drtx,False,True,True,100,70,False,100,100,100000,False,False,2022-06-30T07:26:10.000Z,2022-09-20T03:25:56.000Z,"{'pcMobile': 'partially', 'media': 'partially'}",http://smartstore.naver.com/instinctus,http://smartstore.naver.com/instinctus,ELIGIBLE,ELIGIBLE,2629,0,{'campaignTp': 1},PERFORMANCE,WEB_SITE,NONE,False,100
grp-a001-01-000000027939810,829946,cmp-a001-01-000000005559009,bsn-a001-00-000000000388412,bsn-a001-00-000000000388412,2000,GCFW_Drtx,False,True,False,0,70,False,100,100,50000,False,False,2022-06-30T07:26:18.000Z,2022-11-03T07:26:12.000Z,"{'pcMobile': 'partially', 'media': 'partially'}",http://smartstore.naver.com/instinctus,http://smartstore.naver.com/instinctus,ELIGIBLE,ELIGIBLE,77,0,{'campaignTp': 1},PERFORMANCE,WEB_SITE,NONE,False,100
grp-a001-01-000000028839219,829946,cmp-a001-01-000000005559009,bsn-a001-00-000000000388412,bsn-a001-00-000000000388412,1000,체레미 마카,True,True,True,100,70,False,100,100,100000,False,False,2022-08-20T04:43:46.000Z,2022-08-24T05:42:32.000Z,"{'pcMobile': 'all', 'media': 'all'}",http://smartstore.naver.com/instinctus,http://smartstore.naver.com/instinctus,PAUSED,GROUP_PAUSED,77,0,{'campaignTp': 1},PERFORMANCE,WEB_SITE,NONE,False,100
grp-a001-01-000000029395502,829946,cmp-a001-01-000000004035308,bsn-a001-00-000000007484901,bsn-a001-00-000000007484901,1500,OEM_윤활제,True,True,False,0,70,False,100,100,100000,False,False,2022-09-26T06:32:22.000Z,2022-11-03T06:47:51.000Z,"{'pcMobile': 'all', 'media': 'all'}",http://instinctus.co.kr,http://instinctus.co.kr,PAUSED,BUSINESS_CHANNEL_DISAPPROVED,1639,0,{'campaignTp': 1},ROUND_ROBIN,WEB_SITE,NONE,False,100
grp-a001-01-000000029958636,829946,cmp-a001-01-000000005944453,bsn-a001-00-000000007615962,bsn-a001-00-000000007615962,70,윤활제,False,True,True,100,70,False,100,100,100000,False,False,2022-10-26T01:49:45.000Z,2022-11-16T03:16:25.000Z,"{'pcMobile': 'all', 'media': 'all'}",http://instinctus.herokuapp.com,http://instinctus.herokuapp.com,PAUSED,CAMPAIGN_PAUSED,0,0,{'campaignTp': 1},PERFORMANCE,WEB_SITE,ML,False,100
grp-a001-01-000000030187004,829946,cmp-a001-01-000000004035308,bsn-a001-00-000000007615962,bsn-a001-00-000000007615962,1500,OEM 윤활제,False,False,False,0,70,False,100,100,0,False,False,2022-11-03T06:47:44.000Z,2022-11-03T06:47:44.000Z,"{'pcMobile': 'all', 'media': 'all'}",http://instinctus.herokuapp.com,http://instinctus.herokuapp.com,PAUSED,CAMPAIGN_PAUSED,0,0,{'campaignTp': 1},PERFORMANCE,WEB_SITE,NONE,False,100
grp-a001-01-000000030187615,829946,cmp-a001-01-000000005977259,bsn-a001-00-000000000388412,bsn-a001-00-000000000388412,3500,SL_W2_MO,True,True,True,100,70,False,100,10,100000,False,False,2022-11-03T07:07:32.000Z,2022-11-03T09:21:38.000Z,"{'pcMobile': 'partially', 'media': 'partially'}",http://smartstore.naver.com/instinctus,http://smartstore.naver.com/instinctus,PAUSED,GROUP_PAUSED,3135,0,{'campaignTp': 1},PERFORMANCE,WEB_SITE,NONE,False,100
grp-a001-02-000000004941141,829946,cmp-a001-02-000000000837011,bsn-a001-00-000000000586323,bsn-a001-00-000000000586323,50,이브젤 쇼핑검색_광고그룹#1,False,True,False,100,50,False,100,100,200000,False,False,2017-11-09T06:43:28.000Z,2019-10-11T00:56:18.000Z,"{'pcMobile': 'all', 'media': 'all'}",체레미 마카 (https://smartstore.naver.com/instinctus),체레미 마카 (https://smartstore.naver.com/instinctus),PAUSED,CAMPAIGN_PAUSED,143,0,{'campaignTp': 2},ROUND_ROBIN,SHOPPING,NONE,False,100
grp-a001-02-000000006659886,829946,cmp-a001-02-000000000837011,bsn-a001-00-000000000586323,bsn-a001-00-000000000586323,50,외음부세정제 쇼핑검색_광고그룹#1,False,True,False,100,50,False,100,100,300000,False,False,2018-04-25T00:43:29.000Z,2019-11-29T08:42:37.000Z,"{'pcMobile': 'all', 'media': 'all'}",체레미 마카 (https://smartstore.naver.com/instinctus),체레미 마카 (https://smartstore.naver.com/instinctus),PAUSED,CAMPAIGN_PAUSED,253,0,{'campaignTp': 2},ROUND_ROBIN,SHOPPING,NONE,False,100
grp-a001-02-000000007678171,829946,cmp-a001-02-000000000837011,bsn-a001-00-000000000586323,bsn-a001-00-000000000586323,50,피팬티_광고그룹#1,False,False,False,100,50,False,100,100,0,False,False,2018-08-02T02:55:44.000Z,2019-11-13T06:44:35.000Z,"{'pcMobile': 'all', 'media': 'all'}",체레미 마카 (https://smartstore.naver.com/instinctus),체레미 마카 (https://smartstore.naver.com/instinctus),PAUSED,CAMPAIGN_PAUSED,55,0,{'campaignTp': 2},ROUND_ROBIN,SHOPPING,NONE,False,100
grp-a001-02-000000008042992,829946,cmp-a001-02-000000000837011,bsn-a001-00-000000000586323,bsn-a001-00-000000000586323,50,이브컵 쇼핑검색_광고그룹#1,False,False,False,100,50,False,100,100,0,False,False,2018-09-06T04:21:28.000Z,2020-09-08T05:34:56.000Z,"{'pcMobile': 'all', 'media': 'all'}",체레미 마카 (https://smartstore.naver.com/instinctus),체레미 마카 (https://smartstore.naver.com/instinctus),PAUSED,CAMPAIGN_PAUSED,330,0,{'campaignTp': 2},ROUND_ROBIN,SHOPPING,NONE,False,100
grp-a001-02-000000018375864,829946,cmp-a001-02-000000003551362,bsn-a001-00-000000000586323,bsn-a001-00-000000000586323,50,외음부세정제,False,False,False,100,50,False,100,100,300000,False,False,2020-11-19T10:12:38.000Z,2022-07-28T08:19:49.000Z,"{'pcMobile': 'partially', 'media': 'partially'}",체레미 마카 (https://smartstore.naver.com/instinctus),체레미 마카 (https://smartstore.naver.com/instinctus),PAUSED,CAMPAIGN_PAUSED,308,0,{'campaignTp': 2},ROUND_ROBIN,SHOPPING,NONE,False,100
grp-a001-02-000000018375865,829946,cmp-a001-02-000000003551362,bsn-a001-00-000000000586323,bsn-a001-00-000000000586323,50, SLbix,False,False,False,100,50,False,100,100,30000,False,False,2020-11-19T10:12:39.000Z,2022-08-06T08:19:33.000Z,"{'pcMobile': 'partially', 'media': 'partially'}",체레미 마카 (https://smartstore.naver.com/instinctus),체레미 마카 (https://smartstore.naver.com/instinctus),PAUSED,CAMPAIGN_PAUSED,55,0,{'campaignTp': 2},ROUND_ROBIN,SHOPPING,NONE,False,100
grp-a001-02-000000018375866,829946,cmp-a001-02-000000003551362,bsn-a001-00-000000000586323,bsn-a001-00-000000000586323,50,MMCbix,False,False,False,100,50,False,100,100,25000,False,False,2020-11-19T10:12:39.000Z,2022-06-23T04:55:51.000Z,"{'pcMobile': 'partially', 'media': 'partially'}",체레미 마카 (https://smartstore.naver.com/instinctus),체레미 마카 (https://smartstore.naver.com/instinctus),PAUSED,CAMPAIGN_PAUSED,1606,0,{'campaignTp': 2},ROUND_ROBIN,SHOPPING,NONE,False,100
grp-a001-02-000000018375867,829946,cmp-a001-02-000000003551362,bsn-a001-00-000000000586323,bsn-a001-00-000000000586323,50,MMPbix,False,False,False,100,50,False,100,100,15000,False,False,2020-11-19T10:12:40.000Z,2022-06-23T04:55:59.000Z,"{'pcMobile': 'partially', 'media': 'partially'}",체레미 마카 (https://smartstore.naver.com/instinctus),체레미 마카 (https://smartstore.naver.com/instinctus),PAUSED,CAMPAIGN_PAUSED,55,0,{'campaignTp': 2},ROUND_ROBIN,SHOPPING,NONE,False,100
grp-a001-02-000000018375869,829946,cmp-a001-02-000000003551357,bsn-a001-00-000000000586323,bsn-a001-00-000000000586323,50,외음부세정제,False,False,False,100,50,False,100,100,300000,False,False,2020-11-19T10:12:44.000Z,2022-07-28T08:22:37.000Z,"{'pcMobile': 'all', 'media': 'partially'}",체레미 마카 (https://smartstore.naver.com/instinctus),체레미 마카 (https://smartstore.naver.com/instinctus),PAUSED,CAMPAIGN_PAUSED,297,0,{'campaignTp': 2},ROUND_ROBIN,SHOPPING,NONE,False,100
grp-a001-02-000000018375870,829946,cmp-a001-02-000000003551357,bsn-a001-00-000000000586323,bsn-a001-00-000000000586323,50,SLbix,False,False,False,100,50,False,100,100,200000,False,False,2020-11-19T10:12:45.000Z,2022-06-23T05:00:22.000Z,"{'pcMobile': 'partially', 'media': 'partially'}",체레미 마카 (https://smartstore.naver.com/instinctus),체레미 마카 (https://smartstore.naver.com/instinctus),PAUSED,CAMPAIGN_PAUSED,55,0,{'campaignTp': 2},ROUND_ROBIN,SHOPPING,NONE,False,100
grp-a001-02-000000018375871,829946,cmp-a001-02-000000003551357,bsn-a001-00-000000000586323,bsn-a001-00-000000000586323,50,MMCbix,False,False,False,100,50,False,100,100,0,False,False,2020-11-19T10:12:45.000Z,2022-06-23T04:56:26.000Z,"{'pcMobile': 'partially', 'media': 'partially'}",체레미 마카 (https://smartstore.naver.com/instinctus),체레미 마카 (https://smartstore.naver.com/instinctus),PAUSED,CAMPAIGN_PAUSED,1529,0,{'campaignTp': 2},ROUND_ROBIN,SHOPPING,NONE,False,100
grp-a001-02-000000018375873,829946,cmp-a001-02-000000003551357,bsn-a001-00-000000000586323,bsn-a001-00-000000000586323,50,MMPbix,False,False,False,100,50,False,100,100,0,False,False,2020-11-19T10:12:46.000Z,2022-06-23T05:00:08.000Z,"{'pcMobile': 'partially', 'media': 'partially'}",체레미 마카 (https://smartstore.naver.com/instinctus),체레미 마카 (https://smartstore.naver.com/instinctus),PAUSED,CAMPAIGN_PAUSED,1144,0,{'campaignTp': 2},ROUND_ROBIN,SHOPPING,NONE,False,100
grp-a001-02-000000020220297,829946,cmp-a001-02-000000003551362,bsn-a001-00-000000000586323,bsn-a001-00-000000000586323,50, SLbix(러브),False,False,False,100,50,False,100,100,70000,False,False,2021-03-11T03:44:01.000Z,2022-06-30T07:56:14.000Z,"{'pcMobile': 'partially', 'media': 'partially'}",체레미 마카 (https://smartstore.naver.com/instinctus),체레미 마카 (https://smartstore.naver.com/instinctus),PAUSED,CAMPAIGN_PAUSED,1727,0,{'campaignTp': 2},ROUND_ROBIN,SHOPPING,NONE,False,100
grp-a001-02-000000020223887,829946,cmp-a001-02-000000003551357,bsn-a001-00-000000000586323,bsn-a001-00-000000000586323,50,SLbix(러브),False,False,False,100,50,False,100,100,20000,False,False,2021-03-11T05:35:24.000Z,2022-06-23T05:02:03.000Z,"{'pcMobile': 'partially', 'media': 'partially'}",체레미 마카 (https://smartstore.naver.com/instinctus),체레미 마카 (https://smartstore.naver.com/instinctus),PAUSED,CAMPAIGN_PAUSED,176,0,{'campaignTp': 2},ROUND_ROBIN,SHOPPING,NONE,False,100
grp-a001-02-000000021363697,829946,cmp-a001-02-000000003551357,bsn-a001-00-000000000586323,bsn-a001-00-000000000586323,50,이브젤(청결제),True,False,False,100,50,False,100,100,30000,False,False,2021-05-17T05:06:35.000Z,2021-08-24T02:10:08.000Z,"{'pcMobile': 'all', 'media': 'partially'}",체레미 마카 (https://smartstore.naver.com/instinctus),체레미 마카 (https://smartstore.naver.com/instinctus),PAUSED,GROUP_PAUSED,913,0,{'campaignTp': 2},ROUND_ROBIN,SHOPPING,NONE,False,100
grp-a001-02-000000021363728,829946,cmp-a001-02-000000003551362,bsn-a001-00-000000000586323,bsn-a001-00-000000000586323,50,이브젤(청결제),True,False,False,100,50,False,100,100,30000,False,False,2021-05-17T05:07:59.000Z,2021-08-09T09:25:13.000Z,"{'pcMobile': 'partially', 'media': 'partially'}",체레미 마카 (https://smartstore.naver.com/instinctus),체레미 마카 (https://smartstore.naver.com/instinctus),PAUSED,GROUP_PAUSED,3113,0,{'campaignTp': 2},ROUND_ROBIN,SHOPPING,NONE,False,100
grp-a001-02-000000022932456,829946,cmp-a001-02-000000003551357,bsn-a001-00-000000000586323,bsn-a001-00-000000000586323,50,이브젤(러브)_통합검색,True,False,False,100,50,False,100,100,20000,False,False,2021-08-26T06:09:17.000Z,2021-10-06T06:21:00.000Z,"{'pcMobile': 'partially', 'media': 'partially'}",체레미 마카 (https://smartstore.naver.com/instinctus),체레미 마카 (https://smartstore.naver.com/instinctus),PAUSED,GROUP_PAUSED,5830,0,{'campaignTp': 2},ROUND_ROBIN,SHOPPING,NONE,False,100
grp-a001-02-000000022932556,829946,cmp-a001-02-000000003551362,bsn-a001-00-000000000586323,bsn-a001-00-000000000586323,50, SLbix(러브)_통합검색,True,False,False,100,50,False,100,100,70000,False,False,2021-08-26T06:13:42.000Z,2022-06-28T11:16:01.000Z,"{'pcMobile': 'partially', 'media': 'partially'}",체레미 마카 (https://smartstore.naver.com/instinctus),체레미 마카 (https://smartstore.naver.com/instinctus),PAUSED,GROUP_PAUSED,176,0,{'campaignTp': 2},ROUND_ROBIN,SHOPPING,NONE,False,100
grp-a001-02-000000027940398,829946,cmp-a001-02-000000005559032,bsn-a001-00-000000000586323,bsn-a001-00-000000000586323,3000,SL_W2,False,True,False,100,50,False,100,100,1000000,False,False,2022-06-30T07:42:32.000Z,2022-10-19T03:25:15.000Z,"{'pcMobile': 'partially', 'media': 'partially'}",체레미 마카 (https://smartstore.naver.com/instinctus),체레미 마카 (https://smartstore.naver.com/instinctus),ELIGIBLE,ELIGIBLE,3080,0,{'campaignTp': 2},ROUND_ROBIN,SHOPPING,NONE,False,100
grp-a001-02-000000027940427,829946,cmp-a001-02-000000005559032,bsn-a001-00-000000000586323,bsn-a001-00-000000000586323,3000,SL_S,True,True,False,100,50,False,100,100,500000,False,False,2022-06-30T07:43:12.000Z,2022-11-15T09:45:29.000Z,"{'pcMobile': 'all', 'media': 'all'}",체레미 마카 (https://smartstore.naver.com/instinctus),체레미 마카 (https://smartstore.naver.com/instinctus),PAUSED,GROUP_PAUSED,1815,0,{'campaignTp': 2},ROUND_ROBIN,SHOPPING,NONE,False,100
grp-a001-02-000000027940446,829946,cmp-a001-02-000000005559032,bsn-a001-00-000000000586323,bsn-a001-00-000000000586323,1440,MSP,True,True,False,100,50,False,100,100,100000,False,False,2022-06-30T07:43:32.000Z,2022-08-20T06:26:29.000Z,"{'pcMobile': 'all', 'media': 'all'}",체레미 마카 (https://smartstore.naver.com/instinctus),체레미 마카 (https://smartstore.naver.com/instinctus),PAUSED,GROUP_PAUSED,0,0,{'campaignTp': 2},ROUND_ROBIN,SHOPPING,MAXCONV,False,100
grp-a001-02-000000027940453,829946,cmp-a001-02-000000005559032,bsn-a001-00-000000000586323,bsn-a001-00-000000000586323,2080,MMP,True,True,False,100,50,False,100,100,100000,False,False,2022-06-30T07:43:45.000Z,2022-08-20T06:59:44.000Z,"{'pcMobile': 'all', 'media': 'all'}",체레미 마카 (https://smartstore.naver.com/instinctus),체레미 마카 (https://smartstore.naver.com/instinctus),PAUSED,GROUP_PAUSED,1925,0,{'campaignTp': 2},ROUND_ROBIN,SHOPPING,MAXCONV,False,100
grp-a001-02-000000027940465,829946,cmp-a001-02-000000005559032,bsn-a001-00-000000000586323,bsn-a001-00-000000000586323,1950,MMC,False,True,False,100,50,False,100,100,500000,False,False,2022-06-30T07:44:05.000Z,2022-10-19T03:25:04.000Z,"{'pcMobile': 'all', 'media': 'all'}",체레미 마카 (https://smartstore.naver.com/instinctus),체레미 마카 (https://smartstore.naver.com/instinctus),ELIGIBLE,ELIGIBLE,2024,0,{'campaignTp': 2},ROUND_ROBIN,SHOPPING,NONE,False,100
grp-a001-02-000000027940476,829946,cmp-a001-02-000000005559032,bsn-a001-00-000000000586323,bsn-a001-00-000000000586323,2700,GCFW,True,True,False,100,50,False,100,100,100000,False,False,2022-06-30T07:44:22.000Z,2022-09-20T03:30:04.000Z,"{'pcMobile': 'all', 'media': 'all'}",체레미 마카 (https://smartstore.naver.com/instinctus),체레미 마카 (https://smartstore.naver.com/instinctus),PAUSED,GROUP_PAUSED,2123,0,{'campaignTp': 2},ROUND_ROBIN,SHOPPING,MAXCONV,False,100
grp-a001-02-000000027940787,829946,cmp-a001-02-000000005559172,bsn-a001-00-000000000586323,bsn-a001-00-000000000586323,3500,SL_S,False,True,False,100,50,False,100,100,100000,False,False,2022-06-30T07:54:18.000Z,2022-11-15T09:45:51.000Z,"{'pcMobile': 'partially', 'media': 'partially'}",체레미 마카 (https://smartstore.naver.com/instinctus),체레미 마카 (https://smartstore.naver.com/instinctus),ELIGIBLE,ELIGIBLE,3190,0,{'campaignTp': 2},ROUND_ROBIN,SHOPPING,NONE,False,100
grp-a001-02-000000027940799,829946,cmp-a001-02-000000005559172,bsn-a001-00-000000000586323,bsn-a001-00-000000000586323,3000,MSP,False,True,False,100,50,False,100,100,200000,False,False,2022-06-30T07:54:37.000Z,2022-10-19T08:42:42.000Z,"{'pcMobile': 'partially', 'media': 'partially'}",체레미 마카 (https://smartstore.naver.com/instinctus),체레미 마카 (https://smartstore.naver.com/instinctus),ELIGIBLE,ELIGIBLE,1771,0,{'campaignTp': 2},ROUND_ROBIN,SHOPPING,NONE,False,100
grp-a001-02-000000027940808,829946,cmp-a001-02-000000005559172,bsn-a001-00-000000000586323,bsn-a001-00-000000000586323,3000,MMP,False,True,False,100,50,False,100,100,100000,False,False,2022-06-30T07:54:51.000Z,2022-10-19T08:08:01.000Z,"{'pcMobile': 'partially', 'media': 'partially'}",체레미 마카 (https://smartstore.naver.com/instinctus),체레미 마카 (https://smartstore.naver.com/instinctus),ELIGIBLE,ELIGIBLE,2200,0,{'campaignTp': 2},ROUND_ROBIN,SHOPPING,NONE,False,100
grp-a001-02-000000027940816,829946,cmp-a001-02-000000005559172,bsn-a001-00-000000000586323,bsn-a001-00-000000000586323,2520,MMC,False,True,False,100,50,False,100,100,100000,False,False,2022-06-30T07:55:03.000Z,2022-10-19T01:17:00.000Z,"{'pcMobile': 'all', 'media': 'partially'}",체레미 마카 (https://smartstore.naver.com/instinctus),체레미 마카 (https://smartstore.naver.com/instinctus),ELIGIBLE,ELIGIBLE,55,0,{'campaignTp': 2},ROUND_ROBIN,SHOPPING,NONE,False,100
grp-a001-02-000000027940825,829946,cmp-a001-02-000000005559172,bsn-a001-00-000000000586323,bsn-a001-00-000000000586323,2700,GCFW,False,True,False,100,50,False,100,100,100000,False,False,2022-06-30T07:55:12.000Z,2022-10-19T08:45:22.000Z,"{'pcMobile': 'partially', 'media': 'partially'}",체레미 마카 (https://smartstore.naver.com/instinctus),체레미 마카 (https://smartstore.naver.com/instinctus),ELIGIBLE,ELIGIBLE,2838,0,{'campaignTp': 2},ROUND_ROBIN,SHOPPING,NONE,False,100
grp-a001-02-000000028497149,829946,cmp-a001-02-000000003551357,bsn-a001-00-000000000586323,bsn-a001-00-000000000586323,50,MSP,False,True,False,100,50,False,100,100,20000,False,False,2022-07-28T08:20:18.000Z,2022-07-28T08:20:18.000Z,"{'pcMobile': 'all', 'media': 'all'}",체레미 마카 (https://smartstore.naver.com/instinctus),체레미 마카 (https://smartstore.naver.com/instinctus),PAUSED,CAMPAIGN_PAUSED,0,0,{'campaignTp': 2},ROUND_ROBIN,SHOPPING,NONE,False,100
grp-a001-02-000000028497152,829946,cmp-a001-02-000000003551362,bsn-a001-00-000000000586323,bsn-a001-00-000000000586323,50,MSP,False,True,False,100,50,False,100,100,50000,False,False,2022-07-28T08:20:34.000Z,2022-07-28T08:20:34.000Z,"{'pcMobile': 'all', 'media': 'all'}",체레미 마카 (https://smartstore.naver.com/instinctus),체레미 마카 (https://smartstore.naver.com/instinctus),PAUSED,CAMPAIGN_PAUSED,0,0,{'campaignTp': 2},ROUND_ROBIN,SHOPPING,NONE,False,100
grp-a001-02-000000028663674,829946,cmp-a001-02-000000005559032,bsn-a001-00-000000000586323,bsn-a001-00-000000000586323,2100,SL_W2_러브제리,True,False,False,100,50,False,100,100,50000,False,False,2022-08-08T06:51:07.000Z,2022-08-11T09:06:09.000Z,"{'pcMobile': 'all', 'media': 'all'}",체레미 마카 (https://smartstore.naver.com/instinctus),체레미 마카 (https://smartstore.naver.com/instinctus),PAUSED,GROUP_PAUSED,1331,0,{'campaignTp': 2},ROUND_ROBIN,SHOPPING,NONE,False,100
grp-a001-02-000000028676223,829946,cmp-a001-02-000000005559032,bsn-a001-00-000000000586323,bsn-a001-00-000000000586323,2100,SL_W2_아로마젤,True,False,False,100,50,False,100,100,0,False,False,2022-08-09T05:25:12.000Z,2022-08-11T09:06:08.000Z,"{'pcMobile': 'all', 'media': 'all'}",체레미 마카 (https://smartstore.naver.com/instinctus),체레미 마카 (https://smartstore.naver.com/instinctus),PAUSED,GROUP_PAUSED,2277,0,{'campaignTp': 2},ROUND_ROBIN,SHOPPING,NONE,False,100
grp-a001-02-000000028676374,829946,cmp-a001-02-000000005559032,bsn-a001-00-000000000586323,bsn-a001-00-000000000586323,2100,SL_W2_마사지젤,True,False,False,100,50,False,100,100,0,False,False,2022-08-09T05:30:35.000Z,2022-08-11T09:06:09.000Z,"{'pcMobile': 'all', 'media': 'all'}",체레미 마카 (https://smartstore.naver.com/instinctus),체레미 마카 (https://smartstore.naver.com/instinctus),PAUSED,GROUP_PAUSED,198,0,{'campaignTp': 2},ROUND_ROBIN,SHOPPING,NONE,False,100
grp-a001-02-000000028676601,829946,cmp-a001-02-000000005559032,bsn-a001-00-000000000586323,bsn-a001-00-000000000586323,2100,SL_W2_윤활제,True,False,False,100,50,False,100,100,0,False,False,2022-08-09T05:37:26.000Z,2022-08-11T09:06:07.000Z,"{'pcMobile': 'all', 'media': 'all'}",체레미 마카 (https://smartstore.naver.com/instinctus),체레미 마카 (https://smartstore.naver.com/instinctus),PAUSED,GROUP_PAUSED,2189,0,{'campaignTp': 2},ROUND_ROBIN,SHOPPING,NONE,False,100
grp-a001-02-000000028715460,829946,cmp-a001-02-000000005559172,bsn-a001-00-000000000586323,bsn-a001-00-000000000586323,3170,SL_W2,False,True,False,100,50,False,100,100,1000000,False,False,2022-08-11T05:44:17.000Z,2022-10-19T06:56:15.000Z,"{'pcMobile': 'all', 'media': 'all'}",체레미 마카 (https://smartstore.naver.com/instinctus),체레미 마카 (https://smartstore.naver.com/instinctus),ELIGIBLE,ELIGIBLE,132,0,{'campaignTp': 2},ROUND_ROBIN,SHOPPING,NONE,False,100
grp-a001-02-000000029007829,829946,cmp-a001-02-000000005639463,bsn-a001-00-000000000586323,bsn-a001-00-000000000586323,3000,BI+BIX TEST_광고그룹#1,False,True,False,100,50,False,100,100,500000,False,False,2022-08-31T06:09:24.000Z,2022-08-31T06:09:24.000Z,"{'pcMobile': 'partially', 'media': 'partially'}",체레미 마카 (https://smartstore.naver.com/instinctus),체레미 마카 (https://smartstore.naver.com/instinctus),PAUSED,CAMPAIGN_PAUSED,0,0,{'campaignTp': 2},ROUND_ROBIN,SHOPPING,NONE,False,100
grp-a001-02-000000030225122,829946,cmp-a001-02-000000005559032,bsn-a001-00-000000000586323,bsn-a001-00-000000000586323,2000,SL_W2(1+1),False,True,False,100,50,False,100,100,1000000,False,False,2022-11-04T09:50:22.000Z,2022-11-15T09:39:35.000Z,"{'pcMobile': 'partially', 'media': 'partially'}",체레미 마카 (https://smartstore.naver.com/instinctus),체레미 마카 (https://smartstore.naver.com/instinctus),ELIGIBLE,ELIGIBLE,4895,0,{'campaignTp': 2},ROUND_ROBIN,SHOPPING,NONE,False,100
grp-a001-02-000000030225167,829946,cmp-a001-02-000000005559172,bsn-a001-00-000000000586323,bsn-a001-00-000000000586323,2000,SL_W2(1+1),False,True,False,100,50,False,100,100,200000,False,False,2022-11-04T09:57:04.000Z,2022-11-15T09:40:27.000Z,"{'pcMobile': 'partially', 'media': 'partially'}",체레미 마카 (https://smartstore.naver.com/instinctus),체레미 마카 (https://smartstore.naver.com/instinctus),ELIGIBLE,ELIGIBLE,3355,0,{'campaignTp': 2},ROUND_ROBIN,SHOPPING,NONE,False,100
grp-a001-03-000000006672947,829946,cmp-a001-03-000000001144233,bsn-a001-00-000000000924642,bsn-a001-00-000000000924642,70,세정제_파워컨텐츠#1,True,True,False,100,70,False,100,100,300000,False,False,2018-04-25T23:51:21.000Z,2018-06-14T08:30:26.000Z,"{'pcMobile': 'all', 'media': 'all'}",https://post.naver.com/evecondoms?isHome=1,https://post.naver.com/evecondoms?isHome=1,PAUSED,GROUP_PAUSED,418,0,"{'contentsType': 'PRODUCT', 'campaignTp': 3}",PERFORMANCE,PRODUCT,NONE,False,100
grp-a001-03-000000029353047,829946,cmp-a001-03-000000000856979,bsn-a001-00-000000007476522,bsn-a001-00-000000007476522,3000,알로에젤_광고그룹#1,True,False,False,100,70,False,100,100,0,False,False,2022-09-23T03:25:54.000Z,2022-09-27T01:59:28.000Z,"{'pcMobile': 'all', 'media': 'all'}",https://blog.naver.com/evecondoms/222879766360,https://blog.naver.com/evecondoms/222879766360,PAUSED,BUSINESS_CHANNEL_DISAPPROVED,0,0,"{'contentsType': 'INFORMATION', 'campaignTp': 3}",PERFORMANCE,INFORMATION,NONE,False,100
grp-a001-03-000000029416203,829946,cmp-a001-03-000000000856979,bsn-a001-00-000000007488557,bsn-a001-00-000000007488557,3000,여성청결제_실패,True,True,False,100,70,False,100,100,100000,False,False,2022-09-27T02:05:25.000Z,2022-09-27T05:40:52.000Z,"{'pcMobile': 'partially', 'media': 'partially'}",https://blog.naver.com/evecondoms/222879747865,https://blog.naver.com/evecondoms/222879747865,PAUSED,BUSINESS_CHANNEL_DISAPPROVED,0,0,"{'contentsType': 'INFORMATION', 'campaignTp': 3}",PERFORMANCE,INFORMATION,NONE,False,100
grp-a001-03-000000029416823,829946,cmp-a001-03-000000000856979,bsn-a001-00-000000007488774,bsn-a001-00-000000007488774,3000,생리대_실패,True,True,False,100,70,False,100,100,100000,False,False,2022-09-27T02:29:27.000Z,2022-09-27T05:40:53.000Z,"{'pcMobile': 'partially', 'media': 'partially'}",https://post.naver.com/viewer/postView.naver?volumeNo=34431907&memberNo=22036656,https://post.naver.com/viewer/postView.naver?volumeNo=34431907&memberNo=22036656,PAUSED,BUSINESS_CHANNEL_DISAPPROVED,0,0,"{'contentsType': 'INFORMATION', 'campaignTp': 3}",PERFORMANCE,INFORMATION,NONE,False,100
grp-a001-03-000000029421205,829946,cmp-a001-03-000000000856979,bsn-a001-00-000000007490450,bsn-a001-00-000000007490450,3000,생리대_220927,True,True,False,100,70,False,100,100,100000,False,False,2022-09-27T05:49:18.000Z,2022-09-28T06:34:49.000Z,"{'pcMobile': 'partially', 'media': 'partially'}",http://post.naver.com/viewer/postView.naver?volumeNo=34431907&memberNo=22036656,http://post.naver.com/viewer/postView.naver?volumeNo=34431907&memberNo=22036656,PAUSED,BUSINESS_CHANNEL_DISAPPROVED,0,0,"{'contentsType': 'INFORMATION', 'campaignTp': 3}",PERFORMANCE,INFORMATION,NONE,False,100
grp-a001-03-000000029421265,829946,cmp-a001-03-000000000856979,bsn-a001-00-000000007490527,bsn-a001-00-000000007490527,3000,청결제_220927,True,True,False,100,70,False,100,100,100000,False,False,2022-09-27T05:51:00.000Z,2022-09-28T06:34:48.000Z,"{'pcMobile': 'all', 'media': 'all'}",https://m.post.naver.com/evecondoms,https://m.post.naver.com/evecondoms,PAUSED,BUSINESS_CHANNEL_DISAPPROVED,0,0,"{'contentsType': 'INFORMATION', 'campaignTp': 3}",PERFORMANCE,INFORMATION,NONE,False,100
grp-a001-04-000000022840913,829946,cmp-a001-04-000000000837095,bsn-a001-00-000000000388412,bsn-a001-00-000000000388412,70,PC_라이트형,True,False,False,100,70,False,100,100,0,False,False,2021-08-20T08:36:10.000Z,2021-08-25T06:43:49.000Z,{},http://smartstore.naver.com/instinctus,http://smartstore.naver.com/instinctus,PAUSED,GROUP_PAUSED,0,0,"{'campaignTp': 4, 'templateName': '(신)PC 라이트형 일반', 'media': 'PC', 'templateId': 'schm-1qfqv3x1'}",ROUND_ROBIN,BRAND_SEARCH,NONE,False,100
grp-a001-04-000000022841077,829946,cmp-a001-04-000000000837095,bsn-a001-00-000000000388412,bsn-a001-00-000000000388412,70,MO_썸네일형,True,False,False,100,70,False,100,100,0,False,False,2021-08-20T08:44:05.000Z,2022-08-25T01:27:40.000Z,{},http://smartstore.naver.com/instinctus,http://smartstore.naver.com/instinctus,PAUSED,GROUP_PAUSED,0,0,"{'campaignTp': 4, 'templateName': '모바일 라이트형 썸네일', 'media': 'MOBILE', 'templateId': 'schm-81riis0b'}",ROUND_ROBIN,BRAND_SEARCH,NONE,False,100
grp-a001-04-000000027867404,829946,cmp-a001-04-000000005543423,bsn-a001-00-000000004438665,bsn-a001-00-000000004438665,70,브랜드검색#1_광고그룹#1,False,False,False,100,70,False,100,100,0,False,False,2022-06-27T02:21:41.000Z,2022-06-27T02:21:41.000Z,{},https://evecondoms.com,https://evecondoms.com,PAUSED,BUSINESS_CHANNEL_DISAPPROVED,0,0,"{'campaignTp': 4, 'templateName': '모바일 라이트형 썸네일', 'media': 'MOBILE', 'templateId': 'schm-81riis0b'}",ROUND_ROBIN,BRAND_SEARCH,NONE,False,100
grp-a001-04-000000028828883,829946,cmp-a001-04-000000000837095,bsn-a001-00-000000000388412,bsn-a001-00-000000000388412,70,MO_체레미마카_NEW,True,False,False,100,70,False,100,100,0,False,False,2022-08-19T06:34:52.000Z,2022-10-26T02:39:45.000Z,{},http://smartstore.naver.com/instinctus,http://smartstore.naver.com/instinctus,PAUSED,GROUP_PAUSED,0,0,"{'campaignTp': 4, 'templateName': '모바일 라이트형 일반', 'media': 'MOBILE', 'templateId': 'schm-cinjdo4n'}",ROUND_ROBIN,BRAND_SEARCH,NONE,False,100
grp-a001-04-000000028839713,829946,cmp-a001-04-000000000837095,bsn-a001-00-000000007336030,bsn-a001-00-000000007336030,70,체레미마카,True,False,False,100,70,False,100,100,0,False,False,2022-08-20T06:11:15.000Z,2022-08-24T10:53:21.000Z,{},http://cheremimaka.com,http://cheremimaka.com,PAUSED,BUSINESS_CHANNEL_DISAPPROVED,0,0,"{'campaignTp': 4, 'templateName': '모바일 라이트형 일반', 'media': 'MOBILE', 'templateId': 'schm-cinjdo4n'}",ROUND_ROBIN,BRAND_SEARCH,NONE,False,100
grp-a001-04-000000028906770,829946,cmp-a001-04-000000000837095,bsn-a001-00-000000000388412,bsn-a001-00-000000000388412,70,mo_썸네일_체레미마카,False,False,False,100,70,False,100,100,0,False,False,2022-08-25T01:27:36.000Z,2022-08-25T01:27:36.000Z,{},http://smartstore.naver.com/instinctus,http://smartstore.naver.com/instinctus,ELIGIBLE,ELIGIBLE,0,0,"{'campaignTp': 4, 'templateName': '모바일 라이트형 썸네일', 'media': 'MOBILE', 'templateId': 'schm-81riis0b'}",ROUND_ROBIN,BRAND_SEARCH,NONE,False,100
grp-a001-04-000000029960372,829946,cmp-a001-04-000000000837095,bsn-a001-00-000000000388412,bsn-a001-00-000000000388412,70,MO_NEW,True,False,False,100,70,False,100,100,0,False,False,2022-10-26T02:41:40.000Z,2022-10-28T08:33:43.000Z,{},http://smartstore.naver.com/instinctus,http://smartstore.naver.com/instinctus,PAUSED,GROUP_PAUSED,0,0,"{'campaignTp': 4, 'templateName': '모바일 라이트형 썸네일', 'media': 'MOBILE', 'templateId': 'schm-81riis0b'}",ROUND_ROBIN,BRAND_SEARCH,NONE,False,100
grp-m001-01-000001244269571,829946,cmp-m001-01-000000042808876,bsn-m001-00-000000001087108,bsn-m001-00-000000001087108,70,기타콘돔키워드(상위),True,True,True,100,70,False,30,100,120000,False,False,2014-06-24T06:16:30.000Z,2017-12-06T01:36:27.000Z,"{'pcMobile': 'all', 'media': 'partially'}",http://xshy.kr,http://xshy.kr,PAUSED,BUSINESS_CHANNEL_DISAPPROVED,407,4,{'campaignTp': 1},PERFORMANCE,WEB_SITE,NONE,False,100
grp-m001-01-000001319381180,829946,cmp-m002-01-000000042808876,bsn-m001-00-000000001087108,bsn-m001-00-000000001087108,70,국산콘돔(50미만),False,False,False,0,70,False,100,100,0,False,False,2016-03-30T05:49:46.000Z,"{'pcMobile': 'all', 'media': 'all'}",http://xshy.kr,http://xshy.kr,PAUSED,BUSINESS_CHANNEL_DISAPPROVED,121,0,{'campaignTp': 1},PERFORMANCE,WEB_SITE,NONE,False,100
grp-m001-01-000001319383918,829946,cmp-m002-01-000000042808876,bsn-m001-00-000000001087108,bsn-m001-00-000000001087108,70,수입콘돔(100이상),False,False,False,0,70,False,50,100,0,False,False,2016-03-30T05:55:44.000Z,2016-09-09T02:13:04.000Z,"{'pcMobile': 'all', 'media': 'all'}",http://xshy.kr,http://xshy.kr,PAUSED,BUSINESS_CHANNEL_DISAPPROVED,737,0,{'campaignTp': 1},PERFORMANCE,WEB_SITE,NONE,False,100
grp-m001-01-000001319383919,829946,cmp-m002-01-000000042808876,bsn-m001-00-000000001087108,bsn-m001-00-000000001087108,70,수입콘돔(100미만),False,False,False,0,70,False,20,100,0,False,False,2016-03-30T05:32:42.000Z,2016-09-09T02:15:56.000Z,"{'pcMobile': 'all', 'media': 'all'}",http://xshy.kr,http://xshy.kr,PAUSED,BUSINESS_CHANNEL_DISAPPROVED,77,0,{'campaignTp': 1},PERFORMANCE,WEB_SITE,NONE,False,100
grp-m001-01-000001319405112,829946,cmp-m002-01-000000042808876,bsn-m001-00-000000001087108,bsn-m001-00-000000001087108,70,기타콘돔키워드(하위),False,False,False,0,70,False,20,100,0,False,False,2016-03-30T05:53:54.000Z,2016-09-09T02:14:52.000Z,"{'pcMobile': 'all', 'media': 'all'}",http://xshy.kr,http://xshy.kr,PAUSED,BUSINESS_CHANNEL_DISAPPROVED,275,0,{'campaignTp': 1},PERFORMANCE,WEB_SITE,NONE,False,100
grp-m001-01-000001319434986,829946,cmp-m002-01-000000042808876,bsn-m001-00-000000001087108,bsn-m001-00-000000001087108,70,국산콘돔(50이상),False,False,False,0,70,False,50,100,0,False,False,2016-03-30T06:39:16.000Z,2016-09-09T02:14:38.000Z,"{'pcMobile': 'all', 'media': 'all'}",http://xshy.kr,http://xshy.kr,PAUSED,BUSINESS_CHANNEL_DISAPPROVED,374,0,{'campaignTp': 1},PERFORMANCE,WEB_SITE,NONE,False,100
grp-m001-01-000001319466377,829946,cmp-m002-01-000000042808876,bsn-m001-00-000000001087108,bsn-m001-00-000000001087108,70,사정지연형,False,False,False,0,70,False,50,100,0,False,False,2016-03-30T06:12:53.000Z,2016-09-09T02:15:38.000Z,"{'pcMobile': 'all', 'media': 'all'}",http://xshy.kr,http://xshy.kr,PAUSED,BUSINESS_CHANNEL_DISAPPROVED,275,0,{'campaignTp': 1},PERFORMANCE,WEB_SITE,NONE,False,100
grp-m001-01-000001319776429,829946,cmp-m002-01-000000042808876,bsn-m001-00-000000001087108,bsn-m001-00-000000001087108,70,콘돔샵,False,False,False,0,70,False,100,100,0,False,False,2016-03-30T07:03:15.000Z,"{'pcMobile': 'all', 'media': 'all'}",http://xshy.kr,http://xshy.kr,PAUSED,BUSINESS_CHANNEL_DISAPPROVED,451,0,{'campaignTp': 1},PERFORMANCE,WEB_SITE,NONE,False,100
grp-m001-01-000001348235832,829946,cmp-m002-01-000000042808876,bsn-m001-00-000000001087108,bsn-m001-00-000000001087108,70,NOTSHY,False,False,False,0,70,False,20,100,0,False,False,2016-03-30T07:05:51.000Z,2016-09-09T02:13:43.000Z,"{'pcMobile': 'all', 'media': 'all'}",http://xshy.kr,http://xshy.kr,PAUSED,BUSINESS_CHANNEL_DISAPPROVED,77,0,{'campaignTp': 1},PERFORMANCE,WEB_SITE,NONE,False,100
grp-m001-01-000001353872913,829946,cmp-m001-01-000000042808876,bsn-m001-00-000000001087108,bsn-m001-00-000000001087108,70,젤,True,True,False,100,70,False,20,100,10000,False,False,2014-10-19T07:54:45.000Z,2017-12-06T01:36:33.000Z,"{'pcMobile': 'all', 'media': 'partially'}",http://xshy.kr,http://xshy.kr,PAUSED,BUSINESS_CHANNEL_DISAPPROVED,847,4,{'campaignTp': 1},PERFORMANCE,WEB_SITE,NONE,False,100
grp-m001-01-000001600588654,829946,cmp-m002-01-000000042808876,bsn-m001-00-000000001087108,bsn-m001-00-000000001087108,70,이브친환경콘돔,False,False,False,100,70,False,20,100,0,False,False,2015-05-09T02:20:41.000Z,2016-09-09T02:17:10.000Z,"{'pcMobile': 'all', 'media': 'all'}",http://xshy.kr,http://xshy.kr,PAUSED,BUSINESS_CHANNEL_DISAPPROVED,77,0,{'campaignTp': 1},PERFORMANCE,WEB_SITE,NONE,False,100
